{"components/gordonbyte/common/blog/blog":"{{#if theme_settings.gb-blog-count '!=' 0 }}\n<div class=\"latest-blog product-sections latestblog-{{theme_settings.gb-blog-per-slide}}\" {{#if theme_settings.gb_default_background }}style=\"background-image:url({{cdn 'img/bg-img.jpg'}});\" {{/if}}>\n  <div class=\"container\">\n    <h2 class=\"page-heading\"><span>{{ theme_settings.gb-blog-main-title }}</span></h2>\n    \n      {{{region name=\"home_blog_description\"}}}\n\n    <div data-product-slide class=\"latest-blog-holder clip-arrows lightarrows\" data-slick='{\n        \"dots\": false,\n        \"infinite\": false,\n        \"mobileFirst\": true,\n        \"slidesToShow\": 1,\n        \"slidesToScroll\": 1,\n        \"slide\": \".blog-content-holder\",\n        \"responsive\": [\n            {\n                \"breakpoint\": 1200,\n                \"settings\": {\n                    \"slidesToShow\": {{ theme_settings.gb-blog-per-slide }},\n                    \"slidesToScroll\": {{ theme_settings.gb-blog-per-slide }}\n                }\n            },\n            {\n                \"breakpoint\": 767,\n                \"settings\": {\n                    \"slidesToShow\": 2,\n                    \"slidesToScroll\": 2\n                }\n            }\n        ]\n    }'>\n\n      {{> components/gordonbyte/common/blog/blog-article blog=blog posts_count=theme_settings.gb-blog-count theme_settings=theme_settings }}\n\n    </div><!--.blog-holder ends-->\n  </div>\n</div>\n{{/if}}\n","components/gordonbyte/common/blog/blog-article":"{{#each (limit blog.recent_posts posts_count)}}\n<div class=\"blog-content-holder \">\n  <a href=\"{{url}}\">\n  <div class=\"latest-blog-content\">\n    <div class=\"latest-blog-img{{#unless thumbnail }} no-img-size{{/unless}}\">\n      {{#if thumbnail }}\n      <img src=\"{{getImage thumbnail }}\"\n            data-sizes=\"auto\"\n            alt=\"{{title}}\"\n            {{#unless lazyload '==' 'disabled'}}\n                {{#if lazyload '==' 'lazyload+lqip'}}\n                {{!-- If we want a LQIP, include it as the default srcset (will be overwritten by lazysizes) --}}\n                srcset=\"{{getImageSrcset thumbnail}}\"\n                {{else}}\n                  {{!-- If we don't want a LQIP, use a 1px transparent gif for the stand-in image\n                        This requires no additional network request, so it's fast --}}\n                srcset=\"data:image/gif;base64,R0lGODlhAQABAIAAAP///wAAACH5BAEAAAAALAAAAAABAAEAAAICRAEAOw==\"\n                {{/if}}\n            {{/unless}}\n\n            {{#unless lazyload '==' 'disabled'}}data-{{/unless}}srcset=\"{{getImageSrcset thumbnail use_default_sizes=true }}\"\n\n            class=\"{{#unless lazyload '==' 'disabled'}}lazyload{{/unless}}\"\n            {{#if lazyload '==' 'lazyload'}}loading=\"lazy\"{{/if}}\n            >\n    {{else}}\n      {{> components/gordonbyte/common/no-img}}\n    {{/if}}\n    </div>\n    <div class=\"latest-blog-title\">\n      <h3>{{title}}</h3>\n      <div class=\"blogInfo\">\n        {{summary}}\n      </div><!--.blogInfo ends-->\n      <div class=\"latest-read-more\">\n        Read More\n      </div>\n    </div>\n  </div><!--.latest-blog-content ends-->\n  </a>\n</div><!--.blog-content-holder ends-->\n{{/each}}\n","components/gordonbyte/common/no-img":"<div class=\"no-img\">\n      <svg xmlns=\"http://www.w3.org/2000/svg\" viewBox=\"0 0 512 384\">\n        <path d=\"M480,64H32A32,32,0,0,0,0,96V416a32,32,0,0,0,32,32H480a32,32,0,0,0,32-32V96A32,32,0,0,0,480,64Zm-32,64V318.38L364.5,214a16,16,0,0,0-24.69-.37l-88.5,104.12-48.9-41.91a16,16,0,0,0-19.88-.76L64,362V128Z\" transform=\"translate(0 -64)\"></path>\n        <circle cx=\"160\" cy=\"128\" r=\"32\"></circle>\n      </svg>\n</div>\n"}
