{"components/common/alert/alert-error":"<div class=\"alertBox alertBox--error\">\n    <div class=\"alertBox-column alertBox-icon\">\n        <icon glyph=\"ic-error\" class=\"icon\" aria-hidden=\"true\"><svg xmlns=\"http://www.w3.org/2000/svg\" width=\"24\" height=\"24\" viewBox=\"0 0 24 24\"><path d=\"M12 2C6.48 2 2 6.48 2 12s4.48 10 10 10 10-4.48 10-10S17.52 2 12 2zm1 15h-2v-2h2v2zm0-4h-2V7h2v6z\"></path></svg></icon>\n    </div>\n    <p class=\"alertBox-column alertBox-message\">\n        <span id=\"alertBox-message-text\">{{{this}}}</span>\n    </p>\n</div>\n","components/common/alert/alert-modal":"<div id=\"alert-modal\" class=\"modal modal--alert modal--small\" data-reveal data-prevent-quick-search-close>\n    <div class=\"alert-icon error-icon\">\n        <span class=\"icon-content\">\n            <span class=\"line line-left\"></span>\n            <span class=\"line line-right\"></span>\n        </span>\n    </div>\n\n    <div class=\"alert-icon warning-icon\">\n        <div class=\"icon-content\">!</div>\n    </div>\n\n    <div class=\"modal-content\"></div>\n\n    <div class=\"button-container\">\n        <button type=\"button\" class=\"confirm button\" data-reveal-close>{{lang 'common.ok'}}</button>\n        <button type=\"button\" class=\"cancel button\" data-reveal-close>{{lang 'common.cancel'}}</button>\n    </div>\n</div>\n","components/common/alert/alert-success":"<div class=\"alertBox alertBox--success\">\n    <div class=\"alertBox-column alertBox-icon\">\n        <icon glyph=\"ic-success\" class=\"icon\" aria-hidden=\"true\"><svg xmlns=\"http://www.w3.org/2000/svg\" width=\"24\" height=\"24\" viewBox=\"0 0 24 24\"><path d=\"M12 2C6.48 2 2 6.48 2 12s4.48 10 10 10 10-4.48 10-10S17.52 2 12 2zm1 15h-2v-2h2v2zm0-4h-2V7h2v6z\"></path></svg></icon>\n    </div>\n    <p class=\"alertBox-column alertBox-message\">\n        <span id=\"alertBox-message-text\">{{{this}}}</span>\n    </p>\n</div>\n","components/common/modal/modal":"<div id=\"modal\" class=\"modal\" data-reveal data-prevent-quick-search-close>\n    {{> components/common/modal/modal-close-btn}}\n    <div class=\"modal-content\"></div>\n    <div class=\"loadingOverlay\"></div>\n</div>\n","components/common/modal/modal-close-btn":"<button class=\"modal-close\"\n        type=\"button\"\n        title=\"{{lang 'common.close'}}\"\n        {{additional_attr}}\n>\n    <span class=\"aria-description--hidden\">{{lang 'common.close'}}</span>\n    <span aria-hidden=\"true\">&#215;</span>\n</button>\n","components/common/navigation-dropdown":"<div class=\"navPage-subMenu navPage-subMenu-horizontal\" id=\"navPages-{{id}}\" aria-hidden=\"true\" tabindex=\"-1\">\n    <ul class=\"navPage-subMenu-list\">\n        <li class=\"navPage-subMenu-item-parent\">\n            <a class=\"navPage-subMenu-action navPages-action navPages-action-depth-max\" href=\"{{url}}\">{{lang 'category.view_all.name' category=name}}</a>\n        </li>\n        {{#each children}}\n            <li class=\"navPage-subMenu-item-child\">\n                {{#if children}}\n                    <a class=\"navPage-subMenu-action navPages-action navPages-action-depth-max has-subMenu{{#if is_active}} activePage{{/if}}\" href=\"{{url}}\" data-collapsible=\"navPages-{{id}}\">\n                        {{name}}<i class=\"icon navPages-action-moreIcon\" aria-hidden=\"true\"><svg><use href=\"#icon-chevron-down\" /></svg></i>\n                    </a>\n                    {{> components/common/navigation-dropdown}}\n                {{else}}\n                    <a class=\"navPage-subMenu-action navPages-action{{#if is_active}} activePage{{/if}}\" href=\"{{url}}\">{{name}}</a>\n                {{/if}}\n            </li>\n        {{/each}}\n    </ul>\n</div>\n","components/common/payment-icons":"{{#with theme_settings}}\n    {{#or show_accept_amex show_accept_discover show_accept_mastercard show_accept_paypal show_accept_visa show_accept_amazonpay show_accept_googlepay show_accept_klarna}}\n    <div class=\"footer-payment-icons\">\n        {{#if show_accept_amex}}\n        <svg class=\"footer-payment-icon\"><use href=\"#icon-logo-american-express\"></use></svg>\n        {{/if}}\n        {{#if show_accept_discover}}\n        <svg class=\"footer-payment-icon\"><use href=\"#icon-logo-discover\"></use></svg>\n        {{/if}}\n        {{#if show_accept_mastercard}}\n        <svg class=\"footer-payment-icon\"><use href=\"#icon-logo-mastercard\"></use></svg>\n        {{/if}}\n        {{#if show_accept_paypal}}\n        <svg class=\"footer-payment-icon\"><use href=\"#icon-logo-paypal\"></use></svg>\n        {{/if}}\n        {{#if show_accept_visa}}\n        <svg class=\"footer-payment-icon\"><use href=\"#icon-logo-visa\"></use></svg>\n        {{/if}}\n        {{#if show_accept_amazonpay}}\n        <svg class=\"footer-payment-icon\"><use href=\"#icon-logo-amazonpay\"></use></svg>\n        {{/if}}\n        {{#if show_accept_googlepay}}\n        <svg class=\"footer-payment-icon\"><use href=\"#icon-logo-googlepay\"></use></svg>\n        {{/if}}\n        {{#if show_accept_klarna}}\n        <svg class=\"footer-payment-icon\"><use href=\"#icon-logo-klarna\"></use></svg>\n        {{/if}}\n    </div>\n    {{/or}}\n{{/with}}\n","components/common/polyfill-script":"<script nonce=\"{{nonce}}\">\n    {{!--\n        Check for modern browser features, and load polyfills if browser does not appear to support features\n        we need.\n\n            Polyfill approach is all or nothing - please import needed polyfills in /assets/js/polyfills.js\n\n        Inspired by https://philipwalton.com/articles/loading-polyfills-only-when-needed/\n            --}}\n    function browserSupportsAllFeatures() {\n        return window.Promise\n            && window.fetch\n            && window.URL\n            && window.URLSearchParams\n            && window.WeakMap\n            // object-fit support\n            && ('objectFit' in document.documentElement.style);\n    }\n\n    function loadScript(src) {\n        var js = document.createElement('script');\n        js.src = src;\n        js.onerror = function () {\n            console.error('Failed to load polyfill script ' + src);\n        };\n        document.head.appendChild(js);\n    }\n\n    if (!browserSupportsAllFeatures()) {\n        loadScript('{{cdn 'assets/dist/theme-bundle.polyfills.js'}}');\n    }\n</script>\n","components/common/responsive-img":"{{!--\nThis file implements the lazysizes srcset pattern (as seen on\nhttps://github.com/aFarkas/lazysizes#modern-transparent-srcset-pattern) for maximum performance on modern browsers\nand reasonable compatibility with legacy browsers.\n\nThere are a few important arguments to know about when using this component:\n`lazyload`:\n    - If set to 'lazyload+lqip', will load a low-res image which will be replaced by lazysizes - ensuring that SOME\n    content is shown immediately on page load. Without LQIP, a transparent gif will be used instead, which reduces\n    the number of requests needed to load the page, making it even faster.\n    - If set to 'lazyload', the browser will not load the full-size image at first, instead the lazysizes plugin will\n        load it progressively after page load. This improves the load speed of the page, but it should be disabled for\n        high-priority above-the-fold images.\n    - If set to 'disabled', will not attempt to lazyload the image and instead tell the browser to load it immediately.\n        Use this for high-priority images that are above the fold.\n\n`fallback_size`:\n    This is the size to use for this image in legacy browsers that do not support srcset.\n    Can be defined as a pixel bounding-box size (e.g. \"123x123) or inherent width (e.g. \"123w\").\n\n`class`:\n    The CSS classes to add to the image, e.g. \"card-image\". If lazyloading is enabled, all images will have the\n    \"lazyload\" class so that lazysizes will target them automatically.\n\n`otherAttributes`:\n    Any other HTML attributes you want on the img tag, for example \"height='100' width='100'\"\n\n`default_image`:\n    The default image to use if `image` is undefined or falsy. Should be a theme asset, usually defined as a relative\n    path in the theme config. If a default image is not provided, you'll get an image tag with no image if the primary\n    image is undefined.\n\n`lqip_size`:\n    If you want to specify a particular size for the LQIP image, you can do so with this argument. A default of 80\n    pixels wide will be used otherwise. This argument has no effect if the lazyload mode is not \"lazyload+lqip\".\n\n--}}\n<img {{#if image}}{{!-- Get the default image for legacy browsers that do not support srcset\n--}}src=\"{{getImageSrcset image 1x=(default fallback_size '160w')}}\" alt=\"{{image.alt}}\" title=\"{{image.alt}}\" {{!--\n  Allow lazysizes to generate the 'sizes' attribute automatically --}}data-sizes=\"auto\"\n  {{#unless lazyload '==' 'disabled'}}\n    {{#if lazyload '==' 'lazyload+lqip'}}\n    {{!-- If we want a LQIP, include it as the default srcset (will be overwritten by lazysizes) --}}\n    srcset=\"{{getImageSrcset image 1x=(default lqip_size '80w')}}\"\n    {{else}}\n      {{!-- If we don't want a LQIP, use a 1px transparent gif for the stand-in image\n            This requires no additional network request, so it's fast --}}\n    srcset=\"data:image/gif;base64,R0lGODlhAQABAIAAAP///wAAACH5BAEAAAAALAAAAAABAAEAAAICRAEAOw==\"\n    {{/if}}\n{{/unless}}\n{{!-- If lazyloading is disabled, just use \"srcset\". If it is not disabled, use \"data-srcset\" so lazysizes will use\n      this after page load --}}\n{{!--\nGenerate the srcset string using the default sizes defined in the helper. This will allow the browser to\npick the best-sized image based on its own understanding of how it will render the page.\n--}}\n{{#unless lazyload '==' 'disabled'}}data-{{/unless}}srcset=\"{{getImageSrcset image use_default_sizes=true }}\"\n{{else if default_image}}src=\"{{cdn default_image}}\" alt=\"{{lang 'products.card_default_image_alt'}}\"{{/if}}\nclass=\"{{#unless lazyload '==' 'disabled'}}lazyload{{/unless}}{{#if class}} {{class}}{{/if}}\"\n{{#if lazyload '==' 'lazyload'}}loading=\"lazy\"{{/if}}\n{{otherAttributes}} />\n","components/common/store-logo":"<a href=\"{{urls.home}}\" class=\"header-logo__link\" data-header-logo-link>\n    {{#if settings.store_logo.image}}\n        {{#if theme_settings.logo_size '===' 'original'}}\n        <img class=\"header-logo-image-unknown-size\"\n             src=\"{{getImage settings.store_logo.image 'logo_size'}}\"\n             alt=\"{{settings.store_logo.title}}\"\n             title=\"{{settings.store_logo.title}}\">\n        {{else}}\n        <div class=\"header-logo-image-container\">\n            <img class=\"header-logo-image\"\n                 src=\"{{getImage settings.store_logo.image 'logo_size'}}\"\n                 srcset=\"{{getImageSrcset1x2x settings.store_logo.image theme_settings.logo_size}}\"\n                 alt=\"{{settings.store_logo.title}}\"\n                 title=\"{{settings.store_logo.title}}\">\n        </div>\n        {{/if}}\n    {{else}}\n    <span class=\"header-logo-text\">{{settings.store_logo.title}}</span>\n    {{/if}}\n</a>\n","components/gordonbyte/common/account-icon":"<svg height=\"20\" xmlns=\"http://www.w3.org/2000/svg\" viewBox=\"0 0 198.27 187.04\">\n\t<path d=\"M5,182.57c.49-2.31,1-4.63,1.47-6.94,6.15-27.71,21.37-49.08,45.23-64.36,1.84-1.18,3.81-3.1,5.67-3s3.41,2.27,5.06,3.59c15.59,12.4,33.22,17.26,52.91,14a62.73,62.73,0,0,0,33.26-16.56c1.34-1.26,2.28-1.39,3.9-.45q40.29,23.4,49.79,69c.38,1.83.66,3.68.91,5.53a7.28,7.28,0,0,1-6.46,8.18,25.64,25.64,0,0,1-3.28.15q-89.36,0-178.71.05c-4.49,0-7.91-1.3-9.75-5.63Z\" transform=\"translate(-5 -4.65)\"/>\n\t<path d=\"M104.08,118.21c-31.14-.14-56.73-25.72-56.73-56.74,0-31.3,25.91-57.09,57-56.82a56.72,56.72,0,0,1,56.58,56.94C160.72,93,135,118.34,104.08,118.21Z\" transform=\"translate(-5 -4.65)\"/>\n</svg>\n","components/gordonbyte/common/announcments/announcments":"{{#if theme_settings.gb-top-bar-enable }}\n<div class=\"announcementBar\">\n  <div class=\"container\">\n\n    <div class=\"announcementBar-left{{#if theme_settings.gb-top-bar-announcement-text }} announcement-enabled{{/if}}{{#if theme_settings.gb-top-bar-action-button-text }} action-btn-enable{{/if}}\">\n\n      {{#if theme_settings.gb-top-bar-store-number-label }}\n      <div class=\"companyInfo\">\n        <svg height=\"15\" xmlns=\"http://www.w3.org/2000/svg\" viewBox=\"0 0 306.59 306.55\">\n          <path d=\"M85.24,6c4.6,1.57,9.14,3.49,11.33,8.11a24.56,24.56,0,0,1,2.59,9.64A209.15,209.15,0,0,0,109,84c2.19,6.79.17,12.76-4.84,17.77-11.63,11.66-23.22,23.36-34.89,35-1.42,1.4-1.78,2.39-.77,4.29q38,71.46,109.61,109.09c.44.23.9.43,2.06,1a17.12,17.12,0,0,1,1.77-2.51c11.33-11.4,22.73-22.72,34-34.16,5.62-5.69,12-7.34,19.65-4.88a195.67,195.67,0,0,0,56.15,9.32,33.49,33.49,0,0,1,10.77,1.87c5.46,2,8,6.91,9.68,12.19v65.87a7.1,7.1,0,0,0-.58,1c-3,8.71-8.79,13-18,12.72s-18.16-.53-27.19-1.4A282.09,282.09,0,0,1,197,295.47,288,288,0,0,1,89.3,226.59a287.09,287.09,0,0,1-61.94-93.36A289.26,289.26,0,0,1,5.61,24.57c-.07-7.7,3-13.49,10-17C16.81,7,18.11,6.53,19.37,6Z\" transform=\"translate(-5.61 -6)\"/>\n        </svg>\n        <span><a href=\"tel:{{ theme_settings.gb-top-bar-store-number }}\">{{ theme_settings.gb-top-bar-store-number-label }}</a></span>\n      </div><!--.companyInfo ends-->\n      {{/if}}\n\n      {{#if theme_settings.gb-top-bar-email-contact-label }}\n      <div class=\"emailInfo\">\n        <svg height=\"12px\" xmlns=\"http://www.w3.org/2000/svg\" viewBox=\"0 0 400 280\">\n          <polygon points=\"0 67.5 0 214.22 104.8 146.1 0 67.5\"/>\n          <polygon points=\"400 214.22 400 67.5 295.2 146.1 400 214.22\"/>\n          <polygon points=\"200 217.5 130.36 165.27 0 250 0 280 400 280 400 250 269.64 165.27 200 217.5\"/>\n          <polygon points=\"0 30 200 180 400 30 400 0 0 0 0 30\"/>\n        </svg>\n        <span><a href=\"mailto:{{ theme_settings.gb-top-bar-email-contact }}\">{{ theme_settings.gb-top-bar-email-contact-label }}</a></span>\n      </div><!--.emailInfo ends-->\n      {{/if}}\n\n    </div><!--.top-left ends-->\n\n    {{#if theme_settings.gb-top-bar-announcement-text }}\n    <div class=\"announcementBar-center{{#if theme_settings.gb-top-bar-store-number-label }} store-number-enable{{/if}}{{#if theme_settings.gb-top-bar-email-contact-label }} store-email-enable{{/if}}{{#if theme_settings.gb-top-bar-action-button-text }} action-btn-enable{{/if}}\">\n      {{ theme_settings.gb-top-bar-announcement-text }}\n    </div>\n    {{/if}}\n\n    {{#if theme_settings.gb-top-bar-action-button-text }}\n    <div class=\"announcementBar-right{{#if theme_settings.gb-top-bar-store-number-label }} store-number-enable{{/if}}{{#if theme_settings.gb-top-bar-email-contact-label }} store-email-enable{{/if}}{{#if theme_settings.gb-top-bar-announcement-text }} announcement-enabled{{/if}}\">\n      <div>\n        <div>\n          <a class=\"style-action\" href=\"{{ theme_settings.gb-top-bar-action-button-link }}\"><span>{{ theme_settings.gb-top-bar-action-button-text }}</span></a>\n        </div>\n      </div>\n    </div>\n    {{/if}}\n\n\n  </div>\n</div><!--.top-bar ends-->\n{{/if}}","components/gordonbyte/common/blog-article":"{{#each (limit blog.recent_posts posts_count)}}\n<div class=\"blog-content-holder \">\n  <a href=\"{{url}}\">\n  <div class=\"latest-blog-content\">\n    <div class=\"latest-blog-img{{#unless thumbnail }} no-img-size{{/unless}}\">\n      {{#if thumbnail }}\n      <img src=\"{{getImage thumbnail }}\"\n            data-sizes=\"auto\"\n            alt=\"{{title}}\"\n            {{#unless lazyload '==' 'disabled'}}\n                {{#if lazyload '==' 'lazyload+lqip'}}\n                {{!-- If we want a LQIP, include it as the default srcset (will be overwritten by lazysizes) --}}\n                srcset=\"{{getImageSrcset thumbnail}}\"\n                {{else}}\n                  {{!-- If we don't want a LQIP, use a 1px transparent gif for the stand-in image\n                        This requires no additional network request, so it's fast --}}\n                srcset=\"data:image/gif;base64,R0lGODlhAQABAIAAAP///wAAACH5BAEAAAAALAAAAAABAAEAAAICRAEAOw==\"\n                {{/if}}\n            {{/unless}}\n\n            {{#unless lazyload '==' 'disabled'}}data-{{/unless}}srcset=\"{{getImageSrcset thumbnail use_default_sizes=true }}\"\n\n            class=\"{{#unless lazyload '==' 'disabled'}}lazyload{{/unless}}\"\n            {{#if lazyload '==' 'lazyload'}}loading=\"lazy\"{{/if}}\n            >\n    {{else}}\n      {{> components/gordonbyte/common/no-img}}\n    {{/if}}\n    </div>\n    <div class=\"latest-blog-title\">\n      <h3>{{title}}</h3>\n      <div class=\"blogInfo\">\n        {{summary}}\n      </div><!--.blogInfo ends-->\n      <div class=\"latest-read-more\">\n        Read More\n      </div>\n    </div>\n  </div><!--.latest-blog-content ends-->\n  </a>\n</div><!--.blog-content-holder ends-->\n{{/each}}\n","components/gordonbyte/common/body":"<main class=\"body\" id=\"main-content\" role=\"main\" data-currency-code=\"{{currency_selector.active_currency_code}}\">\n    {{#block \"hero\"}} {{/block}}\n    <div class=\"container{{#if template '==' 'pages/home'}} container-delete{{/if}}\">\n        {{#block \"page\"}} {{/block}}\n    </div>\n    {{> components/common/modal/modal}}\n    {{> components/common/alert/alert-modal}}\n</main>\n","components/gordonbyte/common/cart-icon":"{{#if theme_settings.gb-cart-style '==' \"basket\"}}\n  <svg height=\"18\" xmlns=\"http://www.w3.org/2000/svg\" viewBox=\"0 0 555.9 487.05\">\n      <path d=\"M413.1,212.93,300.9,44.62c-5.1-5.09-12.75-10.2-20.4-10.2S265.2,37,260.1,44.62L147.9,212.93H25.5c-15.3,0-25.5,10.19-25.5,25.5v7.64L63.75,483.22c5.1,20.4,25.5,38.25,48.45,38.25H443.7c22.95,0,43.35-15.3,48.45-38.25L555.9,246.07v-7.65c0-15.3-10.2-25.5-25.5-25.5H413.1Zm-209.1,0,76.5-112.2L357,212.93Zm76.5,204a51,51,0,1,1,51-51A51.15,51.15,0,0,1,280.5,416.92Z\" transform=\"translate(0 -34.42)\"/>\n  </svg>\n{{/if}}\n\n{{#if theme_settings.gb-cart-style '==' \"bag\"}}\n  <svg height=\"18\" xmlns=\"http://www.w3.org/2000/svg\" viewBox=\"0 0 143.39 161.68\">\n    <path d=\"M70.64,2.44H77a5.31,5.31,0,0,0,.75.22,42.21,42.21,0,0,1,25.78,11.73A41.59,41.59,0,0,1,116.18,38c.48,2.83.64,5.7,1,8.73H135C138.49,86,142,125,145.5,164.12H2.11c3.51-39.18,7-78.25,10.54-117.49H30.44c.39-3.41.44-6.73,1.2-9.87,4.22-17.3,14.92-28.44,32.2-33.07C66.06,3.09,68.37,2.85,70.64,2.44Zm38.19,44.15A35.64,35.64,0,0,0,73.62,18.35C54.27,18.48,41.36,33,38.82,46.59ZM39.42,30.22c8.82-11.56,20.11-17.86,34.4-17.85s25.6,6.3,34.45,18A37.86,37.86,0,0,0,73.47,7.74C57,7.88,44.05,18.81,39.42,30.22Z\" transform=\"translate(-2.11 -2.44)\"/>\n  </svg>\n{{/if}}\n\n{{#if theme_settings.gb-cart-style '==' \"cart\"}}\n  <svg height=\"18\" xmlns=\"http://www.w3.org/2000/svg\" viewBox=\"0 0 453.63 400.65\">\n    <path d=\"M374.27,324a52.38,52.38,0,0,0-21.5-4.6H143.87l-7.68-45.06H399.36L453.63,93.57H105.47L93.7,26.49H0V58.75H66.05L111.62,325A54.38,54.38,0,0,0,87,397.18c12.8,26.62,45.57,37.38,72.19,24.58a54.59,54.59,0,0,0,25.6-70.15H303.62a53.72,53.72,0,0,0,27.64,70.66c27.14,11.77,58.88-.51,70.66-27.65C414.21,367.48,401.41,335.74,374.27,324Z\" transform=\"translate(0 -26.49)\"/>\n  </svg>\n{{/if}}\n","components/gordonbyte/common/currency-selector":"{{#if currency_selector.currencies.length '>' 1}}\n<ul class=\"navUser-section\">\n    <li class=\"navUser-item\">\n        <a class=\"navUser-action navUser-action--currencySelector has-dropdown\"\n           href=\"#\"\n           data-dropdown=\"currencySelection\"\n           aria-controls=\"currencySelection\"\n           aria-expanded=\"false\"\n        >\n        {{lang 'common.currency' code=currency_selector.active_currency_code}}\n        <em class=\"icon\" aria-hidden=\"true\"><svg><use xlink:href=\"#icon-chevron-down\" /></svg></em>\n        </a>\n        <ul class=\"dropdown-menu\" id=\"currencySelection\" data-dropdown-content aria-hidden=\"true\" tabindex=\"-1\">\n            {{#each currency_selector.currencies}}\n            <li class=\"dropdown-menu-item\">\n                <a href=\"{{{switch_url}}}\"\n                   data-currency-code=\"{{{code}}}\"\n                   {{#if cart_currency_switch_url.length '>' 0 }}\n                   data-cart-currency-switch-url=\"{{{cart_currency_switch_url}}}\"\n                   {{/if}}\n                   data-warning=\"{{lang 'common.currency_switch_promotion'}}\"\n                >\n                {{#if is_active}}\n                    <strong>{{name}}</strong>\n                {{else}}\n                    {{name}}\n                {{/if}}\n                </a>\n            </li>\n            {{/each}}\n        </ul>\n    </li>\n</ul>\n{{/if}}\n","components/gordonbyte/common/main-nav":"\n<div class=\"main-nav{{#if theme_settings.gb-menu-hide }} novisib{{/if}}\">\n  <ul>\n    {{#each pages}}\n         <li class=\"navPages-item navPages-item-page\">\n             <a class=\"navPages-action{{#if name '==' ../page.title}} activePage{{/if}} style-action\"\n                href=\"{{url}}\"\n                aria-label=\"{{name}}\"\n             >\n                 <span>{{name}}</span>\n             </a>\n\n         </li>\n     {{/each}}\n   </ul>\n</div><!--.main-nav ends-->\n","components/gordonbyte/common/navigation":"<nav class=\"navUser\">\n\n    <ul class=\"navUser-section navUser-section--alt\">\n        {{#if customer.store_credit.value '>' 0}}\n            <li class=\"navUser-item\">\n                <a class=\"navUser-action navUser-action--storeCredit\"\n                   data-dropdown=\"storeCredit-dropdown\"\n                   data-options=\"align:bottom\"\n                   href=\"{{urls.cart}}\"\n                   aria-label=\"{{lang 'common.store_credit_overview' credit=customer.store_credit.formatted}}\"\n                >\n                    <span class=\"navUser-action-divider\">\n                        {{lang 'common.store_credit_overview' credit=customer.store_credit.formatted}}\n                    </span>\n                </a>\n                <div class=\"dropdown-menu\" id=\"storeCredit-dropdown\" data-dropdown-content aria-hidden=\"true\">\n                    {{{lang 'common.store_credit' store_credit=customer.store_credit.formatted}}}\n                </div>\n            </li>\n        {{/if}}\n\n        <li class=\"navUser-item\">\n            <a class=\"navUser-action navUser-item--compare\"\n               href=\"{{urls.compare}}\"\n               data-compare-nav\n               aria-label=\"{{lang 'common.compare'}}\"\n            >\n            <svg role=\"img\" aria-labelledby=\"usericontitle  usericondesc\" height=\"20\" xmlns=\"http://www.w3.org/2000/svg\" viewBox=\"0 0 18.08 15.31\">\n              <title id=\"usericontitle\">User Icon image</title>\n              <desc id=\"usericondesc\">Filled in black circle with a filled in black body shape underneath</desc>\n              <path d=\"M6.5,10.28a.36.36,0,0,0-.26.11.36.36,0,0,0-.12.27v2.55H1v-11H8.54V3.61a.88.88,0,0,1,.53-.17h.55V1.73a.35.35,0,0,0-.35-.34H.34A.34.34,0,0,0,0,1.73v12a.35.35,0,0,0,.34.35H7A.32.32,0,0,0,7.26,14l.85-.95V10.28Z\" transform=\"translate(0 -1.39)\"/><path class=\"cls-1\" d=\"M5.48,9.18,7.69,7.36a.22.22,0,0,0,0-.31c-.22-.22-2.28-1.77-2.28-1.77s-.28-.28-.28.09v1H2s-.13,0-.13.17V7.93c0,.24.16.2.16.2H5.22v1C5.22,9.46,5.48,9.18,5.48,9.18Z\" transform=\"translate(0 -1.39)\"/>\n              <path d=\"M17.74,4H8.8a.34.34,0,0,0-.34.34V16.35a.34.34,0,0,0,.34.34h6.67a.33.33,0,0,0,.25-.11L18,14a.35.35,0,0,0,.09-.23V4.3A.34.34,0,0,0,17.74,4ZM17,12.86H15a.37.37,0,0,0-.27.11.39.39,0,0,0-.11.27v2.55H9.49v-11H17v8Z\" transform=\"translate(0 -1.39)\"/><path class=\"cls-1\" d=\"M12.65,12.29s.28.27.28-.09v-.95H16.1s.13,0,.13-.17V9.63c0-.23-.15-.19-.15-.19H12.86v-1c0-.3-.26,0-.26,0l-2.21,1.83a.21.21,0,0,0,0,.31C10.59,10.73,12.65,12.29,12.65,12.29Z\" transform=\"translate(0 -1.39)\"/>\n            </svg>\n             <span class=\"headerTitle\">{{lang 'common.compare'}}</span>\n             <span class=\"countPill countPill--positive countPill--alt\"></span>\n            </a>\n        </li>\n\n\n        <li class=\"navUser-item\">\n\n          <a class=\"navUser-action navUser-action--quickSearch\"\n             href=\"#\" data-search=\"quickSearch\"\n             aria-controls=\"quickSearch\"\n             aria-expanded=\"false\"\n             aria-label=\"{{lang 'common.search'}}\"\n          >\n          <svg role=\"img\" aria-labelledby=\"quicksearchicontitle  quicksearchicondesc\" height=\"18\" xmlns=\"http://www.w3.org/2000/svg\" xmlns:xlink=\"http://www.w3.org/1999/xlink\" x=\"0px\" y=\"0px\" viewBox=\"0 0 413.1 413.1\" enable-background=\"new 0 0 413.1 413.1\" xml:space=\"preserve\">\n            <title id=\"quicksearchicontitle\">Magnifying glass image</title>\n            <desc id=\"quicksearchicondesc\">Large red circle with a black border</desc>\n            <path d=\"M289.5,49.6c-66.1-66.2-173.8-66.2-239.9,0c-66.1,66.1-66.1,173.8,0,239.9c63.9,63.9,166.4,66.1,233,6.6l13.5,13.5\n                      c-3.4,8.6-1.6,18.7,5.3,25.6l71,71c9.3,9.3,24.5,9.3,33.8,0c9.3-9.3,9.3-24.5,0-33.8l-71-71c-6.9-6.9-17-8.7-25.6-5.3l-13.5-13.5\n                      C355.6,216,353.4,113.5,289.5,49.6z M69.9,269.3c-55-55-55-144.4,0-199.4c55-55,144.4-55,199.4,0s55,144.4,0,199.4\n                      S124.9,324.2,69.9,269.3z\"></path>\n            <path d=\"M103.4,102.1c24-24,51.9-41.4,81.3-52.3c-33.2-1.9-68.8,11-96.2,38.4c-27.7,27.7-40.6,63.9-38.2,97.6 C61,155.6,78.7,126.8,103.4,102.1z\"></path>\n          </svg>\n          <span class=\"headerTitle\">{{lang 'common.search'}}</span>\n          </a>\n        </li>\n\n\n        {{#if settings.gift_certificates_enabled}}\n            <li class=\"navUser-item\">\n              <a class=\"navUser-action gift-cert\"\n                 href=\"{{urls.gift_certificate.purchase}}\"\n                 aria-label=\"{{lang 'common.gift_cert'}}\"\n              >\n              <svg role=\"img\" aria-labelledby=\"giftcerttitle  giftcertdesc\" height=\"18\" xmlns=\"http://www.w3.org/2000/svg\" viewBox=\"0 0 512 325.32\">\n                <title id=\"giftcerttitle\">Gift card image</title>\n                <desc id=\"giftcertdesc\">Large square black image with a bow ontop</desc>\n                <path d=\"M118.93,226.9a17,17,0,0,0-24,24.16c3.3,3.23,17.13,6.89,33,9.15-2.82-19-6.62-30.63-8.95-33.31Z\" transform=\"translate(0 -93.34)\"/>\n                <path d=\"M183,222a16.89,16.89,0,0,0-12,5c-2.29,2.62-6.07,14.22-8.9,33.24,15.85-2.26,29.69-5.92,33-9.15A17,17,0,0,0,183,222Z\" transform=\"translate(0 -93.34)\"/>\n                <path d=\"M59.91,239a47,47,0,0,1,70-41V93.34H0V262H65.92A46.68,46.68,0,0,1,59.91,239Z\" transform=\"translate(0 -93.34)\"/>\n                <path d=\"M100.49,342.7,79.28,321.48,108.74,292H0V418.66H130V313.23Z\" transform=\"translate(0 -93.34)\"/>\n                <path d=\"M210.63,321.48,189.42,342.7,160,313.23V418.66H512V292H181.17Z\" transform=\"translate(0 -93.34)\"/>\n                <path d=\"M160,93.34V198a47,47,0,0,1,64,64H512V93.34ZM453,212.78v9.48H441.14v-9.69a33,33,0,0,1-17.63-9.27l8.6-8.14c3.49,3.69,9.64,6.17,15.3,6.17,6,0,13-1.88,13-7.15v-.05c.05-6.28-4.14-8.18-14.44-11.29-4.81-1.46-9.79-3-13.87-5.77a17.79,17.79,0,0,1-8.1-15.45c0-9.38,6.63-16.27,17.16-18.58V133.1H453v9.29a36.8,36.8,0,0,1,15.74,5.19l-6.42,9.95a26,26,0,0,0-13-3.5c-6.23,0-13.5,2-13.5,7.59,0,5,3.05,6.7,13.55,9.88,5,1.52,10.26,3.1,14.55,6.14,5.56,3.94,8.35,9.51,8.3,16.57C472.22,204.06,464.69,211.1,453,212.78Z\" transform=\"translate(0 -93.34)\"/>\n              </svg>\n                  <span class=\"headerTitle hidden\">Gift</span>\n                  <!-- <span class=\"headerTitle\">{{lang 'common.gift_cert'}}</span> -->\n              </a>\n            </li>\n        {{/if}}\n\n\n        <li class=\"navUser-item navUser-item--account\">\n            {{#if customer}}\n                <a class=\"navUser-action\"\n                   href=\"{{urls.account.index}}\"\n                   aria-label=\"{{lang 'common.account'}}\"\n                >\n                  {{> components/gordonbyte/common/account-icon }}\n                  <span class=\"headerTitle\">{{lang 'common.account'}}</span>\n                </a>\n                <a class=\"navUser-action hide_signup\"\n                   href=\"{{urls.auth.logout}}\"\n                   aria-label=\"{{lang 'common.logout'}}\"\n                >\n                    {{lang 'common.logout'}}\n                </a>\n            {{else}}\n                <a class=\"navUser-action\"\n                   href=\"{{urls.auth.login}}\"\n                   aria-label=\"{{lang 'common.login'}}\"\n                >\n                    {{> components/gordonbyte/common/account-icon }}\n                    <span class=\"headerTitle\">{{lang 'common.login'}}</span>\n                </a>\n                {{#if settings.account_creation_enabled}}\n                    <span class=\"navUser-or hidden\">{{lang 'common.or'}}</span>\n                    <a class=\"navUser-action hide_signup\"\n                       href=\"{{urls.auth.create_account}}\"\n                       aria-label=\"{{lang 'common.sign_up'}}\"\n                    >\n                        {{lang 'common.sign_up'}}\n                    </a>\n                {{/if}}\n            {{/if}}\n        </li>\n\n        <li class=\"navUser-item navUser-item--cart\">\n            <a class=\"navUser-action\"\n               data-cart-preview\n               data-dropdown=\"cart-preview-dropdown\"\n               data-options=\"align:right\"\n               href=\"{{urls.cart}}\"\n               aria-label=\"{{lang 'cart.nav_aria_label'}}\"\n            >\n                {{> components/gordonbyte/common/cart-icon }}\n                <span class=\"headerTitle navUser-item-cartLabel\">{{lang 'common.cart'}}</span>\n                <span class=\"countPill cart-quantity\"></span>\n            </a>\n\n            <div class=\"dropdown-menu\" id=\"cart-preview-dropdown\" data-dropdown-content aria-hidden=\"true\"></div>\n        </li>\n\n        <li class=\"navUser-item navUser-item--currency\">\n          {{> components/gordonbyte/common/currency-selector }}\n        </li>\n    </ul>\n\n    <div class=\"dropdown dropdown--quickSearch\" id=\"quickSearch\" aria-hidden=\"true\" data-prevent-quick-search-close>\n        <div class=\"closeSearch\">\n          <button class=\"closeSearch-btn\"><span>Close</span></button>\n        </div>\n        {{> components/gordonbyte/common/quick-search name='nav-quick-search' place='desktop'}}\n    </div>\n</nav>\n","components/gordonbyte/common/navigation-list":"{{#if children}}\n<a class=\"navPages-action has-subMenu{{#if is_active}} activePage{{/if}} style-action\"\n   href=\"{{url}}\"\n   data-collapsible=\"navPages-{{id}}\"\n>\n    <span>{{name}}</span>\n    <i class=\"icon navPages-action-moreIcon\" aria-hidden=\"true\">\n        <svg><use href=\"#icon-chevron-down\" /></svg>\n    </i>\n</a>\n<div class=\"navPage-subMenu\" id=\"navPages-{{id}}\" aria-hidden=\"true\" tabindex=\"-1\">\n    <ul class=\"navPage-subMenu-list\">\n        <li class=\"navPage-subMenu-item\">\n            <a class=\"navPage-subMenu-action navPages-action style-action\"\n               href=\"{{url}}\"\n               aria-label=\"{{lang 'category.view_all.name' category=name}}\"\n            >\n            <span>{{lang 'category.view_all.name' category=name}}</span>\n            </a>\n        </li>\n        {{#each children}}\n            <li class=\"navPage-subMenu-item\">\n                {{#if children}}\n                    <a class=\"navPage-subMenu-action navPages-action has-subMenu{{#if is_active}} activePage{{/if}} style-action\"\n                       href=\"{{url}}\"\n                       aria-label=\"{{name}}\"\n                    >\n                        <span>{{name}}</span>\n                        <span class=\"collapsible-icon-wrapper\"\n                            data-collapsible=\"navPages-{{id}}\"\n                            data-collapsible-disabled-breakpoint=\"medium\"\n                            data-collapsible-disabled-state=\"open\"\n                            data-collapsible-enabled-state=\"closed\"\n                        >\n                            <i class=\"icon navPages-action-moreIcon\" aria-hidden=\"true\">\n                                <svg><use href=\"#icon-chevron-down\" /></svg>\n                            </i>\n                        </span>\n                    </a>\n                    <ul class=\"navPage-childList\" id=\"navPages-{{id}}\">\n                        {{#each children}}\n                        <li class=\"navPage-childList-item\">\n                            <a class=\"navPage-childList-action navPages-action{{#if is_active}} activePage{{/if}} style-action\"\n                               href=\"{{url}}\"\n                               aria-label=\"{{name}}\"\n                            >\n                            <span>{{name}}</span>\n                            </a>\n                        </li>\n                        {{/each}}\n                    </ul>\n                {{else}}\n                    <a class=\"navPage-subMenu-action navPages-action{{#if is_active}} activePage{{/if}} style-action\"\n                       href=\"{{url}}\"\n                       aria-label=\"{{name}}\"\n                    >\n                    <span>{{name}}</span>\n                    </a>\n                {{/if}}\n            </li>\n        {{/each}}\n    </ul>\n</div>\n{{else}}\n<a class=\"navPages-action{{#if is_active}} activePage{{/if}} style-action\"\n   href=\"{{url}}\"\n   aria-label=\"{{name}}\"\n>\n    <span>{{name}}</span>\n</a>\n{{/if}}\n","components/gordonbyte/common/navigation-list-alternate":"{{#if children}}\n    <a class=\"navPages-action navPages-action-depth-max has-subMenu is-root{{#if is_active}} activePage{{/if}}\"\n       href=\"{{url}}\"\n       data-collapsible=\"navPages-{{id}}\"\n       aria-label=\"{{name}}\"\n    >\n        <span>{{name}}</span>\n        <i class=\"icon navPages-action-moreIcon\" aria-hidden=\"true\">\n            <svg><use href=\"#icon-chevron-down\" /></svg>\n        </i>\n    </a>\n    {{> components/common/navigation-dropdown}}\n{{else}}\n    <a class=\"navPages-action{{#if is_active}} activePage{{/if}}\"\n       href=\"{{url}}\"\n       aria-label=\"{{name}}\"\n    >\n    <span>{{name}}</span>\n    </a>\n{{/if}}\n","components/gordonbyte/common/navigation-menu":"<nav class=\"navPages\">\n    <div class=\"navPages-quickSearch\">\n        {{> components/gordonbyte/common/quick-search name='nav-menu-quick-search' place='mobile'}}\n    </div>\n    <div class=\"mobilemain-nav\">\n      {{> components/gordonbyte/common/main-nav }}\n    </div>\n    <ul class=\"navPages-list{{#if theme_settings.navigation_design '!==' 'simple'}} navPages-list-depth-max{{/if}}\">\n        {{#each categories}}\n            <li class=\"navPages-item\">\n            {{#if ../theme_settings.navigation_design '===' 'simple'}}\n                {{> components/gordonbyte/common/navigation-list theme_settings=../theme_settings }}\n            {{/if}}\n            {{#if ../theme_settings.navigation_design '===' 'alternate'}}\n                {{> components/gordonbyte/common/navigation-list-alternate theme_settings=../theme_settings }}\n            {{/if}}\n            </li>\n        {{/each}}\n    </ul>\n    <ul class=\"navPages-list navPages-list--user\">\n        {{#if currency_selector.currencies.length '>' 1}}\n            <li class=\"navPages-item\">\n                <a class=\"navPages-action has-subMenu\"\n                   href=\"#\"\n                   data-collapsible=\"navPages-currency\"\n                   aria-controls=\"navPages-currency\"\n                   aria-expanded=\"false\"\n                   aria-label=\"{{lang 'common.currency' code=currency_selector.active_currency_code}}\"\n                >\n                    {{lang 'common.currency' code=currency_selector.active_currency_code}}\n                    <i class=\"icon navPages-action-moreIcon\" aria-hidden=\"true\">\n                        <svg>\n                            <use xmlns:xlink=\"http://www.w3.org/1999/xlink\" xlink:href=\"#icon-chevron-down\"></use>\n                        </svg>\n                    </i>\n                </a>\n                <div class=\"navPage-subMenu\" id=\"navPages-currency\" aria-hidden=\"true\" tabindex=\"-1\">\n                    <ul class=\"navPage-subMenu-list\">\n                        {{#each currency_selector.currencies}}\n                        <li class=\"navPage-subMenu-item\">\n                            <a class=\"navPage-subMenu-action navPages-action\"\n                               href=\"{{{switch_url}}}\"\n                               aria-label=\"{{name}}\"\n                               data-currency-code=\"{{{code}}}\"\n                               {{#if cart_currency_switch_url.length '>' 0 }}\n                               data-cart-currency-switch-url=\"{{{cart_currency_switch_url}}}\"\n                               {{/if}}\n                               data-warning=\"{{lang 'common.currency_switch_promotion'}}\"\n                            >\n                                {{#if is_active}}\n                                    <strong>{{name}}</strong>\n                                {{else}}\n                                    {{name}}\n                                {{/if}}\n                            </a>\n                        </li>\n                        {{/each}}\n                    </ul>\n                </div>\n            </li>\n        {{/if}}\n        {{#if settings.gift_certificates_enabled}}\n            <li class=\"navPages-item\">\n                <a class=\"navPages-action\"\n                   href=\"{{urls.gift_certificate.purchase}}\"\n                   aria-label=\"{{lang 'common.gift_cert'}}\"\n                >\n                    {{lang 'common.gift_cert'}}\n                </a>\n            </li>\n        {{/if}}\n        {{#if customer.store_credit.value '>' 0}}\n            <li class=\"navPages-item\">\n                <a class=\"navPages-action navPages-action--storeCredit\">\n                    {{lang 'common.store_credit_overview' credit=customer.store_credit.formatted}}\n                </a>\n            </li>\n        {{/if}}\n        {{#if theme_settings.product_list_display_mode '==' 'list'}}\n            <li class=\"navPages-item\">\n                <a class=\"navPages-action navPages-action--compare\"\n                   href=\"{{urls.compare}}\"\n                   data-compare-nav\n                   aria-label=\"{{lang 'common.compare'}}\"\n                >\n                    {{lang 'common.compare'}}\n                    <span class=\"countPill countPill--positive countPill--alt\"></span>\n                </a>\n            </li>\n        {{/if}}\n        {{#if customer}}\n            <li class=\"navPages-item\">\n                <a class=\"navPages-action has-subMenu\"\n                   href=\"{{urls.account.index}}\"\n                   data-collapsible=\"navPages-account\"\n                   aria-label=\"{{lang 'common.account'}}\"\n                >\n                    {{lang 'common.account'}}\n                    <i class=\"icon navPages-action-moreIcon\" aria-hidden=\"true\">\n                        <svg><use xlink:href=\"#icon-chevron-down\" /></svg>\n                    </i>\n                </a>\n                <div class=\"navPage-subMenu\" id=\"navPages-account\" aria-hidden=\"true\" tabindex=\"-1\">\n                    <ul class=\"navPage-subMenu-list\">\n                        <li class=\"navPage-subMenu-item\">\n                            <a class=\"navPage-subMenu-action navPages-action\"\n                               href=\"{{urls.account.orders.all}}\"\n                               aria-label=\"{{lang 'account.nav.orders'}}\"\n                            >\n                                {{lang 'account.nav.orders'}}\n                            </a>\n                        </li>\n                        {{#if settings.returns_enabled}}\n                            <li class=\"navPage-subMenu-item\">\n                                <a class=\"navPage-subMenu-action navPages-action\"\n                                   href=\"{{urls.account.returns}}\"\n                                   aria-label=\"{{lang 'account.nav.returns'}}\"\n                                >\n                                    {{lang 'account.nav.returns'}}\n                                </a>\n                            </li>\n                        {{/if}}\n                        <li class=\"navPage-subMenu-item\">\n                            <a class=\"navPage-subMenu-action navPages-action\"\n                               href=\"{{urls.account.inbox}}\"\n                               aria-label=\"{{lang 'account.mobile_nav.messages'}}\"\n                            >\n                                {{lang 'account.mobile_nav.messages'}}\n                            </a>\n                        </li>\n                        <li class=\"navPage-subMenu-item\">\n                            <a class=\"navPage-subMenu-action navPages-action\"\n                               href=\"{{urls.account.addresses}}\"\n                               aria-label=\"{{lang 'account.nav.addresses'}}\"\n                            >\n                                {{lang 'account.nav.addresses'}}\n                            </a>\n                        </li>\n                        {{#if settings.show_payment_methods}}\n                            <li class=\"navPage-subMenu-item\">\n                                <a class=\"navPage-subMenu-action navPages-action\"\n                                   href=\"{{urls.account.payment_methods.all}}\"\n                                   aria-label=\"{{lang 'account.nav.payment_methods'}}\"\n                                >\n                                    {{lang 'account.nav.payment_methods'}}\n                                </a>\n                            </li>\n                        {{/if}}\n                        <li class=\"navPage-subMenu-item\">\n                            <a class=\"navPage-subMenu-action navPages-action\"\n                               href=\"{{urls.account.wishlists.all}}\"\n                               aria-label=\"{{lang 'account.mobile_nav.wishlists'}}\"\n                            >\n                                {{lang 'account.mobile_nav.wishlists'}}\n                            </a>\n                        </li>\n                        <li class=\"navPage-subMenu-item\">\n                            <a class=\"navPage-subMenu-action navPages-action\"\n                               href=\"{{urls.account.recent_items}}\"\n                               aria-label=\"{{lang 'account.nav.recently_viewed'}}\"\n                            >\n                                {{lang 'account.nav.recently_viewed'}}\n                            </a>\n                        </li>\n                        <li class=\"navPage-subMenu-item\">\n                            <a class=\"navPage-subMenu-action navPages-action\"\n                               href=\"{{urls.account.details}}\"\n                               aria-label=\"{{lang 'account.nav.settings'}}\"\n                            >\n                                {{lang 'account.nav.settings'}}\n                            </a>\n                        </li>\n                    </ul>\n                </div>\n            </li>\n            <li class=\"navPages-item\">\n                <a class=\"navPages-action\"\n                   href=\"{{urls.auth.logout}}\"\n                   aria-label=\"{{lang 'common.logout'}}\"\n                >\n                    {{lang 'common.logout'}}\n                </a>\n            </li>\n        {{else}}\n            <li class=\"navPages-item\">\n                <a class=\"navPages-action\"\n                   href=\"{{urls.auth.login}}\"\n                   aria-label=\"{{lang 'common.login'}}\"\n                >\n                    {{lang 'common.login'}}\n                </a>\n                {{#if settings.account_creation_enabled}}\n                    <!-- {{lang 'common.or'}} -->\n                    <a class=\"navPages-action\"\n                       href=\"{{urls.auth.create_account}}\"\n                       aria-label=\"{{lang 'common.sign_up'}}\"\n                    >\n                        {{lang 'common.sign_up'}}\n                    </a>\n                {{/if}}\n            </li>\n        {{/if}}\n    </ul>\n</nav>\n","components/gordonbyte/common/newsletter/subscription-form":"<div class=\"newsletter-info\">\n  {{#if theme_settings.gb-popup-headertext}}\n    <h3 class=\"footer-info-heading\">{{ theme_settings.gb-popup-headertext }}</h3>\n  {{/if}}\n\n  {{#if theme_settings.gb-popup-descriptiontext }}\n    <p>{{ theme_settings.gb-popup-descriptiontext }}</p>\n  {{/if}}\n</div>\n\n<div class=\"newsletter-form-field\">\n  <form class=\"form\" action=\"{{urls.subscribe.action}}\" method=\"post\">\n      <fieldset class=\"form-fieldset\">\n          <input type=\"hidden\" name=\"action\" value=\"subscribe\">\n          <input type=\"hidden\" name=\"nl_first_name\" value=\"bc\">\n          <input type=\"hidden\" name=\"check\" value=\"1\">\n          <div class=\"form-field\">\n              <label class=\"form-label is-srOnly\" for=\"nl_email\">{{lang 'common.email_address'}}</label>\n              <div class=\"form-prefixPostfix wrap\">\n                  <input class=\"form-input\"\n                         id=\"nl_email\"\n                         name=\"nl_email\"\n                         type=\"email\"\n                         value=\"{{customer.email}}\"\n                         placeholder=\"{{lang 'newsletter.email_placeholder'}}\"\n                         aria-describedby=\"alertBox-message-text\"\n                         aria-required=\"true\"\n                  >\n                  <button class=\"button btn button--primary style-action\" type=\"submit\" name=\"button\"><span>{{lang 'newsletter.subscribe_submit'}}</span></button>\n              </div>\n              {{#if settings.show_newsletter_summary }}\n                  <div class=\"footer-newsletter-summary\">{{settings.newsletter_summary}}</div>\n              {{/if}}\n          </div>\n      </fieldset>\n  </form>\n</div>\n","components/gordonbyte/common/no-img":"<div class=\"no-img\">\n      <svg xmlns=\"http://www.w3.org/2000/svg\" viewBox=\"0 0 512 384\">\n        <path d=\"M480,64H32A32,32,0,0,0,0,96V416a32,32,0,0,0,32,32H480a32,32,0,0,0,32-32V96A32,32,0,0,0,480,64Zm-32,64V318.38L364.5,214a16,16,0,0,0-24.69-.37l-88.5,104.12-48.9-41.91a16,16,0,0,0-19.88-.76L64,362V128Z\" transform=\"translate(0 -64)\"></path>\n        <circle cx=\"160\" cy=\"128\" r=\"32\"></circle>\n      </svg>\n</div>\n","components/gordonbyte/common/quick-search":"<div class=\"container\">\n    <form class=\"form\" onsubmit=\"return false\" data-url=\"{{urls.search}}\" data-quick-search-form>\n        <fieldset class=\"form-fieldset\">\n            <div class=\"form-field\">\n                <label class=\"is-srOnly\" for=\"{{name}}\">{{lang \"search.quick_search.input_label\"}}</label>\n                <input class=\"form-input\"\n                       data-search-quick\n                       name=\"{{name}}\"\n                       id=\"{{name}}\"\n                       data-error-message=\"{{lang 'search.error.empty_field'}}\"\n                       placeholder=\"{{lang 'search.quick_search.input_placeholder'}}\"\n                       autocomplete=\"off\"\n                >\n            </div>\n\n            <button class=\"quickSearch-magnifying-glass\" type=\"submit\">\n              <svg role=\"img\" aria-labelledby=\"quicksearchicontitle{{ place }}  quicksearchicondesc{{ place }}\" height=\"18\" xmlns=\"http://www.w3.org/2000/svg\" xmlns:xlink=\"http://www.w3.org/1999/xlink\" x=\"0px\" y=\"0px\" viewBox=\"0 0 413.1 413.1\" enable-background=\"new 0 0 413.1 413.1\" xml:space=\"preserve\">\n                <title id=\"quicksearchicontitle{{ place }}\">Magnifying glass image</title>\n                <desc id=\"quicksearchicondesc{{ place }}\">Large red circle with a black border</desc>\n                <path d=\"M289.5,49.6c-66.1-66.2-173.8-66.2-239.9,0c-66.1,66.1-66.1,173.8,0,239.9c63.9,63.9,166.4,66.1,233,6.6l13.5,13.5\n                          c-3.4,8.6-1.6,18.7,5.3,25.6l71,71c9.3,9.3,24.5,9.3,33.8,0c9.3-9.3,9.3-24.5,0-33.8l-71-71c-6.9-6.9-17-8.7-25.6-5.3l-13.5-13.5\n                          C355.6,216,353.4,113.5,289.5,49.6z M69.9,269.3c-55-55-55-144.4,0-199.4c55-55,144.4-55,199.4,0s55,144.4,0,199.4\n                          S124.9,324.2,69.9,269.3z\"></path>\n                <path d=\"M103.4,102.1c24-24,51.9-41.4,81.3-52.3c-33.2-1.9-68.8,11-96.2,38.4c-27.7,27.7-40.6,63.9-38.2,97.6 C61,155.6,78.7,126.8,103.4,102.1z\"></path>\n              </svg>\n            </button>\n        </fieldset>\n    </form>\n    <section class=\"quickSearchResults\" data-bind=\"html: results\"></section>\n    <p role=\"status\"\n       aria-live=\"polite\"\n       class=\"aria-description--hidden\"\n       data-search-aria-message-predefined-text=\"{{{lang 'search.results.quick_count_live'}}}\"\n    ></p>\n\n\n\n\n\n    <div class=\"searchproduct-holder\">\n\n      {{#if theme_settings.gb-quicksearch-search-featured }}\n      <div class=\"searchfeatured-products\">\n          <h3>Featured</h3>\n          <ul>\n          {{#each (limit products.featured 5) }}\n              <li class=\"searchproduct-list\">\n                <a href=\"{{url}}\">\n                  <div class=\"searchproduct-img\">\n                    {{> components/common/responsive-img\n                        image=image\n                        class=\"card-image\"\n                        fallback_size=theme_settings.productgallery_size\n                        lazyload=theme_settings.lazyload_mode\n                        default_image=theme_settings.default_image_product\n                    }}\n                  </div>\n                  <div class=\"searchproduct-name\">\n                    {{name}}\n                  </div>\n                </a>\n              </li>\n          {{/each}}\n          </ul>\n      </div><!--.searchfeatured-products ends-->\n      {{/if}}\n\n      {{#if theme_settings.gb-quicksearch-search-popular }}\n      <div class=\"searchpopular-products\">\n          <h3>Most Popular</h3>\n          <ul>\n          {{#each (limit products.top_sellers 5) }}\n              <li class=\"searchproduct-list\">\n                  <a href=\"{{url}}\">\n                    <div class=\"searchproduct-img\">\n                      {{> components/common/responsive-img\n                          image=image\n                          class=\"card-image\"\n                          fallback_size=theme_settings.productgallery_size\n                          lazyload=theme_settings.lazyload_mode\n                          default_image=theme_settings.default_image_product\n                      }}\n                    </div>\n                    <div class=\"searchproduct-name\">\n                      {{name}}\n                    </div>\n                  </a>\n              </li>\n          {{/each}}\n          </ul>\n      </div><!--.searchpopular-products ends-->\n      {{/if}}\n\n      {{#if theme_settings.gb-quicksearch-search-latest }}\n      <div class=\"searchlatest-products\">\n        <h3>Latest</h3>\n        <ul>\n        {{#each (limit products.new 5) }}\n            <li class=\"searchproduct-list\">\n              <a href=\"{{url}}\">\n                <div class=\"searchproduct-img\">\n                  {{> components/common/responsive-img\n                      image=image\n                      class=\"card-image\"\n                      fallback_size=theme_settings.productgallery_size\n                      lazyload=theme_settings.lazyload_mode\n                      default_image=theme_settings.default_image_product\n                  }}\n                </div>\n                <div class=\"searchproduct-name\">\n                  {{name}}\n                </div>\n              </a>\n            </li>\n        {{/each}}\n        </ul>\n      </div><!--.searchlatest-products ends-->\n      {{/if}}\n\n    </div><!--.searchproduct-holder ends-->\n\n\n\n</div>\n","components/gordonbyte/common/social-links":"{{#if social_media}}\n    <ul class=\"socialLinks socialLinks--alt\">\n        {{#each social_media}}\n            <li class=\"socialLinks-item style-action\">\n                <a class=\"icon icon--{{display_name}}\"\n                   href=\"{{url}}\"\n                   target=\"_blank\"\n                   rel=\"noopener\"\n                   title=\"{{{capitalize display_name}}}\"\n                >\n                    <span class=\"aria-description--hidden\">{{{capitalize display_name}}}</span>\n                    <svg>\n                        <use href=\"#icon-{{display_name}}\"/>\n                    </svg>\n                </a>\n            </li>\n        {{/each}}\n    </ul>\n{{/if}}\n","components/gordonbyte/common/store-logo-footer":"<a href=\"{{urls.home}}\" class=\"header-logo__link\">\n    {{#if theme_settings.gb-footer-logo }}\n        {{#if theme_settings.logo_size '===' 'original'}}\n            <img class=\"header-logo-image-unknown-size\" src=\"{{getImageManagerImage theme_settings.gb-footer-logo }}\" alt=\"{{settings.store_logo.title}}\" title=\"{{settings.store_logo.title}}\">\n        {{else}}\n            <div class=\"header-logo-image-container\">\n                <img class=\"header-logo-image\" src=\"{{getImageManagerImage theme_settings.gb-footer-logo }}\" alt=\"{{settings.store_logo.title}}\" title=\"{{settings.store_logo.title}}\">\n            </div>\n        {{/if}}\n    {{else}}\n        <span class=\"header-logo-text\">{{settings.store_logo.title}}</span>\n    {{/if}}\n</a>\n","components/gordonbyte/footer":"{{#if banners.bottom}}\n    {{#if settings.data_tag_enabled}}\n        <div class=\"banners\" data-banner-location=\"bottom\">\n            {{#each (limit banners.bottom_metadata 1)}}\n                <div class=\"banner\" data-event-type=\"promotion\" data-entity-id=\"{{this.id}}\" data-name=\"{{this.banner-name}}\" data-position=\"{{this.location}}\" data-name=\"{{this.banner-name}}\">\n                    <div data-event-type=\"promotion-click\">\n                        {{{this.content}}}\n                    </div>\n                </div>\n            {{/each}}\n        </div>\n    {{else}}\n        <div class=\"banners\" data-banner-location=\"bottom\">\n            <div class=\"banner\">\n                {{{limit banners.bottom 1}}}\n            </div>\n        </div>\n    {{/if}}\n\n{{/if}}\n\n\n<footer class=\"footer top-new\" role=\"contentinfo\">\n    <h2 class=\"footer-title-sr-only\">{{lang 'footer.title'}}</h2>\n    <div class=\"container\">\n        <section class=\"footer-info{{#if theme_settings.gb-footer-style '==' 3}} footer_three{{/if}}\">\n\n            <article class=\"footer-info-col footer-info-holder\" data-section-type=\"storeInfo\">\n                <div class=\"footer-logo\">\n                  {{#if page_type '===' 'default'}}\n                      <h1 class=\"header-logo header-logo--{{theme_settings.logo-position}}\">\n                          {{> components/gordonbyte/common/store-logo-footer }}\n                      </h1>\n                  {{else}}\n                      <div class=\"header-logo header-logo--{{theme_settings.logo-position}}\">\n                          {{> components/gordonbyte/common/store-logo-footer }}\n                      </div>\n                  {{/if}}\n                </div>\n\n                {{#if settings.address}}\n                  <address>{{nl2br settings.address}}</address>\n                {{/if}}\n\n                {{#if settings.phone_number}}\n                    <strong>{{lang 'footer.call_us' phone_number=settings.phone_number}}</strong>\n                {{/if}}\n\n                {{> components/gordonbyte/common/social-links}}\n            </article>\n            \n            <article class=\"footer-info-col footer-link\" data-section-type=\"footer-webPages\">\n                <h2 class=\"footer-info-heading\">{{lang 'footer.navigate'}}</h2>\n                <ul class=\"footer-info-list\">\n                    {{#each (limit pages (subtract theme_settings.gb-footer-columnLinks 1))}}\n                        <li>\n                            <a href=\"{{url}}\">{{name}}</a>\n                        </li>\n                    {{/each}}\n                    <li>\n                        <a href=\"{{urls.sitemap}}\">{{lang 'sitemap.page_title'}}</a>\n                    </li>\n                </ul>\n            </article>\n\n            <article class=\"footer-info-col footer-link\" data-section-type=\"footer-categories\">\n                <h2 class=\"footer-info-heading\">{{lang 'footer.categories'}}</h2>\n                <ul class=\"footer-info-list\">\n                    {{#each (limit categories theme_settings.gb-footer-columnLinks)}}\n                        <li>\n                            <a href=\"{{url}}\">{{name}}</a>\n                        </li>\n                    {{/each}}\n                </ul>\n            </article>\n\n\n            <article class=\"footer-info-col footer-link\" data-section-type=\"footer-brands\">\n              {{#and theme_settings.shop_by_brand_show_footer shop_by_brand.length}}\n                <h2 class=\"footer-info-heading\">{{lang 'footer.brands'}}</h2>\n                <ul class=\"footer-info-list\">\n                    {{#each (limit shop_by_brand (subtract theme_settings.gb-footer-columnLinks 1))}}\n                        <li>\n                            <a href=\"{{url}}\">{{name}}</a>\n                        </li>\n                    {{/each}}\n                    <li><a href=\"{{urls.brands}}\">{{lang 'common.view_all'}}</a></li>\n                </ul>\n                {{/and}}\n            </article>\n\n            {{#if theme_settings.gb-footer-style \"==\" 1}}\n            <article class=\"footer-info-col footer-news\" data-section-type=\"newsletterSubscription\">\n                {{#if settings.show_newsletter_box}}\n                    {{> components/gordonbyte/common/newsletter/subscription-form }}\n                {{/if}}\n            </article>\n            {{/if}}\n\n            {{#if theme_settings.gb-footer-style \"==\" 2}}\n                <div class=\"footer-blog\">\n                  <h2 class=\"footer-info-heading\">{{ theme_settings.gb-blog-main-title }}</h2>\n                  {{> components/gordonbyte/common/blog-article posts_count=1}}\n                </div>\n            {{/if}}\n\n        </section>\n\n        <div class=\"footer-geotrust-ssl-seal\">\n            {{{region name=\"ssl_site_seal--global\"}}}\n        </div>\n\n    </div>\n\n        <div class=\"footer-copyright\">\n            <div class=\"container\">\n      \n              <div class=\"copyright-holder\">\n                <div class=\"copyright-right\">\n                    {{> components/common/payment-icons}}\n                </div>\n      \n                <div class=\"copyright-left\">\n                  {{#if theme_settings.show_copyright_footer}}\n                          <span class=\"powered-by\">&copy; {{moment format=\"YYYY\"}} {{settings.store_name}} </span>\n                  {{/if}}\n                  {{#if theme_settings.show_powered_by}}\n                          <span class=\"powered-by\">{{lang 'footer.powered_by'}} <a href=\"https://www.bigcommerce.com?utm_source=merchant&amp;utm_medium=poweredbyBC\" rel=\"nofollow\">BigCommerce</a></span>\n                  {{/if}}\n                  {{#if settings.paypal_commerce_credit_message}}\n                      <span class=\"paypal-credit\">{{nl2br settings.paypal_commerce_credit_message}}</span>\n                  {{/if}}\n                </div>\n              </div><!--.copyright-holder ends-->\n      \n            </div>\n        </div>\n</footer>\n\n{{{region name=\"home_below_footer\"}}}\n{{{region name=\"home_below_footer--global\"}}}","components/gordonbyte/header":"<a href=\"#main-content\" class=\"skip-to-main-link\">{{lang 'header.skip_to_main'}}</a>\n{{#if banners.top}}\n<div class=\"banners\" data-banner-location=\"top\">\n    {{#each (limit banners.top_metadata 1)}}\n    <div class=\"banner\" data-event-type=\"promotion\" data-entity-id=\"{{this.id}}\" data-name=\"{{this.banner-name}}\" data-position=\"{{this.location}}\" data-banner-id=\"{{this.banner-name}}\">\n        <div data-event-type=\"promotion-click\">\n            {{{this.content}}}\n        </div>\n    </div>\n    {{/each}}\n</div>\n{{/if}}\n\n{{{region name=\"home_above_announcments\"}}}\n{{{region name=\"home_above_announcments--global\"}}}\n\n{{> components/gordonbyte/common/announcments/announcments }}\n\n\n<header id=\"header\" class=\"header{{#if theme_settings.gb-enable-gradient-bg }} gradient-bg{{/if}}{{#if theme_settings.gb-header-sticky }} headerSticky{{/if}}\" role=\"banner\"  data-apitok=\"{{settings.storefront_api.token}}\">\n\n    <div class=\"container\">\n\n      <div class=\"mobile-header\">\n        <div class=\"headerLeft-mobile\">\n          <a href=\"#\" class=\"mobileMenu-toggle\" data-mobile-menu-toggle=\"menu\">\n              <span class=\"mobileMenu-toggleIcon\">Toggle menu</span>\n          </a>\n        </div>\n\n        <div class=\"headerCenter-mobile\">\n          {{#if page_type '===' 'default'}}\n              <h1 class=\"header-logo\">\n                  {{> components/common/store-logo}}\n              </h1>\n          {{else}}\n              <div class=\"header-logo\">\n                  {{> components/common/store-logo}}\n              </div>\n          {{/if}}\n        </div>\n\n        <div class=\"headerRight-mobile\">\n          <a class=\"navUser-action\"\n             data-cart-preview\n             data-dropdown=\"cart-preview-dropdown\"\n             data-options=\"align:right\"\n             href=\"{{urls.cart}}\"\n             aria-label=\"{{lang 'cart.nav_aria_label'}}\"\n          >\n              {{> components/gordonbyte/common/cart-icon}}\n              <span class=\"headerTitle navUser-item-cartLabel\">{{lang 'common.cart'}}</span>\n              <span class=\"countPill cart-quantity\"></span>\n          </a>\n        </div>\n      </div><!--.mobile-header ends-->\n\n\n      <div class=\"headerLeft{{#if theme_settings.logo-position '==' 'left'}} logo-active{{/if}}\">\n\n        {{#if theme_settings.logo-position '==' 'left'}}\n\n          {{#if page_type '===' 'default'}}\n              <h1 class=\"header-logo\">\n                  {{> components/common/store-logo}}\n              </h1>\n          {{else}}\n              <div class=\"header-logo\">\n                  {{> components/common/store-logo}}\n              </div>\n          {{/if}}\n\n        {{else}}\n\n          {{> components/gordonbyte/common/main-nav }}\n\n        {{/if}}\n\n      </div><!--.headerLeft ends-->\n\n\n      <div class=\"headerCenter{{#if theme_settings.logo-position '==' 'center'}} logo-active{{/if}}\">\n        {{#if theme_settings.logo-position '==' 'center'}}\n\n          {{#if page_type '===' 'default'}}\n              <h1 class=\"header-logo\">\n                  {{> components/common/store-logo}}\n              </h1>\n          {{else}}\n              <div class=\"header-logo\">\n                  {{> components/common/store-logo}}\n              </div>\n          {{/if}}\n\n        {{else}}\n\n          {{> components/gordonbyte/common/main-nav }}\n\n        {{/if}}\n      </div><!--.headerCenter ends-->\n\n\n      <div class=\"headerRight{{#if theme_settings.logo-position '==' 'left'}} logo-active{{/if}}\">\n        {{> components/gordonbyte/common/navigation}}\n      </div><!--.headerRight ends-->\n\n\n\n    </div>\n\n    <div class=\"navPages-container \" id=\"menu\" data-menu>\n        {{> components/gordonbyte/common/navigation-menu}}\n    </div>\n    {{{region name=\"header_navigation_bottom--global\"}}}\n</header>\n\n\n{{{region name=\"header_bottom--global\"}}}\n{{{region name=\"header_bottom\"}}}\n","layout/base":"<!DOCTYPE html>\n<html class=\"no-js\" lang=\"{{ locale_name }}\">\n    <head>\n        <title>{{ head.title }}</title>\n        {{{ resourceHints }}}\n        {{{ head.meta_tags }}}\n        {{{ head.config }}}\n        {{#block \"head\"}} {{/block}}\n\n        <link href=\"{{ head.favicon }}\" rel=\"shortcut icon\">\n        <meta name=\"viewport\" content=\"width=device-width, initial-scale=1\">\n\n        <script nonce=\"{{nonce}}\">\n            {{!-- Change document class from no-js to js so we can detect this in css --}}\n            document.documentElement.className = document.documentElement.className.replace('no-js', 'js');\n        </script>\n\n        {{> components/common/polyfill-script }}\n        <script nonce=\"{{nonce}}\">window.consentManagerTranslations = `{{{langJson 'consent_manager'}}}`;</script>\n\n        {{!-- Load Lazysizes script ASAP so images will appear --}}\n        <script nonce=\"{{nonce}}\">\n            {{!-- Only load visible elements until the onload event fires, after which preload nearby elements. --}}\n            window.lazySizesConfig = window.lazySizesConfig || {};\n            window.lazySizesConfig.loadMode = 1;\n        </script>\n        <script nonce=\"{{nonce}}\" async src=\"{{cdn 'assets/dist/theme-bundle.head_async.js' resourceHint='preload' as='script'}}\"></script>\n        \n        {{getFontsCollection font-display='block'}}\n        \n        <script nonce=\"{{nonce}}\" async src=\"{{cdn 'assets/dist/theme-bundle.font.js' resourceHint='preload' as='script'}}\"></script>\n\n        {{{stylesheet '/assets/css/theme.css'}}}\n\n        {{{head.scripts}}}\n\n        {{~inject 'zoomSize' theme_settings.zoom_size}}\n        {{~inject 'productSize' theme_settings.product_size}}\n        {{~inject 'genericError' (lang 'common.generic_error')}}\n        {{~inject 'urls' urls}}\n        {{~inject 'secureBaseUrl' settings.secure_base_url}}\n        {{~inject 'cartId' cart_id}}\n        {{~inject 'template' template}}\n        {{~inject 'validationDictionaryJSON' (langJson 'validation_messages')}}\n        {{~inject 'validationFallbackDictionaryJSON' (langJson 'validation_fallback_messages')}}\n        {{~inject 'validationDefaultDictionaryJSON' (langJson 'validation_default_messages')}}\n        {{~inject 'carouselArrowAndDotAriaLabel' (lang 'carousel.arrow_and_dot_aria_label')}}\n        {{~inject 'carouselActiveDotAriaLabel' (lang 'carousel.active_dot_aria_label')}}\n        {{~inject 'carouselContentAnnounceMessage' (lang 'carousel.content_announce_message')}}\n    </head>\n    <body class=\"style-{{ theme_settings.gb-theme-style }} {{#if template '==' 'pages/home'}}homepage{{/if}}{{#if theme_settings.show_product_card_swatch }} swatch-endabled{{/if}}\">\n        <svg data-src=\"{{cdn 'img/icon-sprite.svg'}}\" class=\"icons-svg-sprite\"></svg>\n\n        {{> components/gordonbyte/header }}\n        {{> components/gordonbyte/common/body }}\n        {{> components/gordonbyte/footer }}\n\n        <script nonce=\"{{nonce}}\">window.__webpack_public_path__ = \"{{cdn 'assets/dist/'}}\";</script>\n        <script nonce=\"{{nonce}}\">\n            {{!-- Exported in app.js --}}\n            function onThemeBundleMain() {\n                window.stencilBootstrap(\"{{page_type}}\", {{jsContext}}).load();\n            }\n        </script>\n        <script nonce=\"{{nonce}}\" async defer src=\"{{cdn 'assets/dist/theme-bundle.main.js' resourceHint='preload' as='script'}}\" onload=\"onThemeBundleMain()\"></script>\n\n        {{{footer.scripts}}}\n    </body>\n</html>\n","pages/subscribed":"---\nblog:\n    recent_posts:\n        limit: 1\nproducts:\n    new:\n        limit: 50\n    featured:\n        limit: 50\n    top_sellers:\n        limit: 50\n---\n\n{{#partial \"page\"}}\n\n<section class=\"page\">\n    <div class=\"page-content page-content--centered\">\n        <h1 class=\"page-heading\" tabindex=\"0\" role=\"status\" aria-live=\"assertive\">\n            {{#if subscription.error}}\n                {{lang 'newsletter.subscribed_heading_error'}}\n            {{else}}\n                {{lang 'newsletter.subscribed_heading'}}\n            {{/if}}\n        </h1>\n\n        {{#if subscription.error}}\n            {{> components/common/alert/alert-error subscription.error}}\n        {{else}}\n            {{> components/common/alert/alert-success (lang 'newsletter.subscribed_message')}}\n        {{/if}}\n\n    </div>\n</section>\n\n<script>\n    const subscriptionStatusElement = document.querySelector('.page-content > .page-heading');\n    if (subscriptionStatusElement) subscriptionStatusElement.focus();\n</script>\n\n{{/partial}}\n{{> layout/base}}\n"}
