{"components/carousel-content-announcement":"<span\n    data-carousel-content-change-message\n    class=\"aria-description--hidden\"\n    aria-live=\"polite\" \n    role=\"status\"></span>\n","components/common/responsive-img":"{{!--\nThis file implements the lazysizes srcset pattern (as seen on\nhttps://github.com/aFarkas/lazysizes#modern-transparent-srcset-pattern) for maximum performance on modern browsers\nand reasonable compatibility with legacy browsers.\n\nThere are a few important arguments to know about when using this component:\n`lazyload`:\n    - If set to 'lazyload+lqip', will load a low-res image which will be replaced by lazysizes - ensuring that SOME\n    content is shown immediately on page load. Without LQIP, a transparent gif will be used instead, which reduces\n    the number of requests needed to load the page, making it even faster.\n    - If set to 'lazyload', the browser will not load the full-size image at first, instead the lazysizes plugin will\n        load it progressively after page load. This improves the load speed of the page, but it should be disabled for\n        high-priority above-the-fold images.\n    - If set to 'disabled', will not attempt to lazyload the image and instead tell the browser to load it immediately.\n        Use this for high-priority images that are above the fold.\n\n`fallback_size`:\n    This is the size to use for this image in legacy browsers that do not support srcset.\n    Can be defined as a pixel bounding-box size (e.g. \"123x123) or inherent width (e.g. \"123w\").\n\n`class`:\n    The CSS classes to add to the image, e.g. \"card-image\". If lazyloading is enabled, all images will have the\n    \"lazyload\" class so that lazysizes will target them automatically.\n\n`otherAttributes`:\n    Any other HTML attributes you want on the img tag, for example \"height='100' width='100'\"\n\n`default_image`:\n    The default image to use if `image` is undefined or falsy. Should be a theme asset, usually defined as a relative\n    path in the theme config. If a default image is not provided, you'll get an image tag with no image if the primary\n    image is undefined.\n\n`lqip_size`:\n    If you want to specify a particular size for the LQIP image, you can do so with this argument. A default of 80\n    pixels wide will be used otherwise. This argument has no effect if the lazyload mode is not \"lazyload+lqip\".\n\n--}}\n<img {{#if image}}{{!-- Get the default image for legacy browsers that do not support srcset\n--}}src=\"{{getImageSrcset image 1x=(default fallback_size '160w')}}\" alt=\"{{image.alt}}\" title=\"{{image.alt}}\" {{!--\n  Allow lazysizes to generate the 'sizes' attribute automatically --}}data-sizes=\"auto\"\n  {{#unless lazyload '==' 'disabled'}}\n    {{#if lazyload '==' 'lazyload+lqip'}}\n    {{!-- If we want a LQIP, include it as the default srcset (will be overwritten by lazysizes) --}}\n    srcset=\"{{getImageSrcset image 1x=(default lqip_size '80w')}}\"\n    {{else}}\n      {{!-- If we don't want a LQIP, use a 1px transparent gif for the stand-in image\n            This requires no additional network request, so it's fast --}}\n    srcset=\"data:image/gif;base64,R0lGODlhAQABAIAAAP///wAAACH5BAEAAAAALAAAAAABAAEAAAICRAEAOw==\"\n    {{/if}}\n{{/unless}}\n{{!-- If lazyloading is disabled, just use \"srcset\". If it is not disabled, use \"data-srcset\" so lazysizes will use\n      this after page load --}}\n{{!--\nGenerate the srcset string using the default sizes defined in the helper. This will allow the browser to\npick the best-sized image based on its own understanding of how it will render the page.\n--}}\n{{#unless lazyload '==' 'disabled'}}data-{{/unless}}srcset=\"{{getImageSrcset image use_default_sizes=true }}\"\n{{else if default_image}}src=\"{{cdn default_image}}\" alt=\"{{lang 'products.card_default_image_alt'}}\"{{/if}}\nclass=\"{{#unless lazyload '==' 'disabled'}}lazyload{{/unless}}{{#if class}} {{class}}{{/if}}\"\n{{#if lazyload '==' 'lazyload'}}loading=\"lazy\"{{/if}}\n{{otherAttributes}} />\n","components/gordonbyte/carousel":"<div class=\"heroCarousel-holder\">\n<section class=\"heroCarousel clip-arrows {{#unless ../theme_settings.homepage_stretch_carousel_images}}gbstretch{{/unless}}\"\n    data-slick='{\n        \"arrows\": {{arrows}},\n        \"mobileFirst\": true,\n        \"slidesToShow\": 1,\n        \"slidesToScroll\": 1,\n        \"autoplay\": true,\n        \"autoplaySpeed\": {{carousel.swap_frequency}},\n        \"slide\": \"[data-hero-slide]\"\n    }'\n    data-mobileimg='{{ theme_settings.gb-mobile-carousel-images }}'\n>\n    {{#each carousel.slides}}\n    {{#if button_text}}\n    <div data-hero-slide=\"{{@index}}\">\n    {{else}}\n    <a href=\"{{url}}\" data-hero-slide=\"{{@index}}\" aria-label=\"{{#if this.alt_text.length '!=' 0}}{{this.alt_text}}{{else}}{{lang 'carousel.slide_number' slide_number=(add @index 1)}}{{/if}}\">\n    {{/if}}\n    <div class=\"heroCarousel-slide {{#if ../theme_settings.homepage_stretch_carousel_images}}stretch{{/if}} {{#if @first}}heroCarousel-slide--first{{/if}}\">\n        <div class=\"heroCarousel-image-wrapper\">\n        {{#if @first}}\n            {{> components/common/responsive-img\n                image=stencil_image\n                class=\"heroCarousel-image\"\n                fallback_size='1280w'\n                lazyload='disabled'\n            }}\n        {{else}}\n            {{> components/common/responsive-img\n                image=stencil_image\n                class=\"heroCarousel-image\"\n                fallback_size='1280w'\n                lazyload='lazyload'\n            }}\n        {{/if}}\n        </div>\n        \n        <div class=\"heroCarousel-content heroCarouselPos-{{ ../theme_settings.gb-carousel-position }}{{#if ../theme_settings.gb-carousel-bg-transparent }} heroCarouselbg-transparent{{/if}}\">\n            {{#if heading}}\n            <div>\n                <p class=\"heroCarousel-title\">{{{heading}}}</p>\n            </div>\n            {{/if}}\n            {{#if text}}\n            <div>\n                <p class=\"heroCarousel-description\">{{{text}}}</p>\n            </div>\n            {{/if}}\n            {{#if button_text}}\n            <div>\n                <div class=\"button_holder\">\n                    <a href=\"{{url}}\" aria-label=\"{{#if this.alt_text.length '!=' 0}}{{this.alt_text}}{{else}}{{lang 'carousel.slide_number' slide_number=(add @index 1)}}{{/if}}, {{button_text}}\" class=\"heroCarousel-action button button--primary button--large style-action first-herolink\"><span>{{button_text}}</span></a>\n                    {{#if ../theme_settings.gb-carousel-second-button-title }}\n                    <a href=\"{{ ../theme_settings.gb-carousel-second-button-link }}\" aria-label=\"{{#if this.alt_text.length '!=' 0}}{{this.alt_text}}{{else}}{{lang 'carousel.slide_number' slide_number=(add @index 1)}}{{/if}}, {{button_text}}\" class=\"heroCarousel-action button button--primary button--large style-action second-herolink{{#if ../theme_settings.gb-carousel-second-button-inverse }} inverse-btn{{/if}}{{#if ../theme_settings.gb-carousel-second-button-transparent }} transparent-bg{{/if}}\"><span>{{ ../theme_settings.gb-carousel-second-button-title }}</span></a>\n                    {{/if}}\n                </div>\n            </div>\n            {{/if}}\n        </div>\n\n    </div>\n    {{#if button_text}}\n    </div>\n    {{else}}\n    </a>\n    {{/if}}\n    {{/each}}\n    {{#if carousel.slides.length '>' 1}}\n        {{> components/carousel-content-announcement}}\n        {{#if play_pause_button}}\n            {{> components/gordonbyte/carousel-play-pause-button}}\n        {{/if}}\n    {{/if}}\n</section>\n</div>\n","components/gordonbyte/carousel-play-pause-button":"{{inject 'carouselPlayPauseButtonPlay' (lang 'carousel.play_pause_button_play')}}\n{{inject 'carouselPlayPauseButtonPause' (lang 'carousel.play_pause_button_pause')}}\n{{inject 'carouselPlayPauseButtonAriaPlay' (lang 'carousel.play_pause_button_aria_play')}}\n{{inject 'carouselPlayPauseButtonAriaPause' (lang 'carousel.play_pause_button_aria_pause')}}\n\n<button\n    data-play-pause-button\n    type=\"button\"\n    class=\"carousel-play-pause-button{{#if theme_settings.gb-enable-category-slider }}{{#if theme_settings.gb-enable-overlay }} hps-overlay{{/if}}{{/if}}\"\n    aria-label=\"{{lang 'carousel.play_pause_button_aria_pause'}}\"\n>\n    {{!-- lang 'carousel.play_pause_button_pause' --}}\n\n    <svg class=\"carousel-play-btn\" xmlns=\"http://www.w3.org/2000/svg\" viewBox=\"0 0 290 335\">\n      <polygon points=\"0 0 0 335 290 167.5 0 0\"/>\n    </svg>\n\n    <svg class=\"carousel-pause-btn\" xmlns=\"http://www.w3.org/2000/svg\" viewBox=\"0 0 24 32\">\n        <rect class=\"cls-1\" width=\"8\" height=\"32\"/>\n        <rect class=\"cls-1\" x=\"16\" width=\"8\" height=\"32\"/>\n    </svg>\n</button>\n"}
