{"components/carousel-content-announcement":"<span\n    data-carousel-content-change-message\n    class=\"aria-description--hidden\"\n    aria-live=\"polite\" \n    role=\"status\"></span>\n","components/common/modal/modal-close-btn":"<button class=\"modal-close\"\n        type=\"button\"\n        title=\"{{lang 'common.close'}}\"\n        {{additional_attr}}\n>\n    <span class=\"aria-description--hidden\">{{lang 'common.close'}}</span>\n    <span aria-hidden=\"true\">&#215;</span>\n</button>\n","components/common/responsive-img":"{{!--\nThis file implements the lazysizes srcset pattern (as seen on\nhttps://github.com/aFarkas/lazysizes#modern-transparent-srcset-pattern) for maximum performance on modern browsers\nand reasonable compatibility with legacy browsers.\n\nThere are a few important arguments to know about when using this component:\n`lazyload`:\n    - If set to 'lazyload+lqip', will load a low-res image which will be replaced by lazysizes - ensuring that SOME\n    content is shown immediately on page load. Without LQIP, a transparent gif will be used instead, which reduces\n    the number of requests needed to load the page, making it even faster.\n    - If set to 'lazyload', the browser will not load the full-size image at first, instead the lazysizes plugin will\n        load it progressively after page load. This improves the load speed of the page, but it should be disabled for\n        high-priority above-the-fold images.\n    - If set to 'disabled', will not attempt to lazyload the image and instead tell the browser to load it immediately.\n        Use this for high-priority images that are above the fold.\n\n`fallback_size`:\n    This is the size to use for this image in legacy browsers that do not support srcset.\n    Can be defined as a pixel bounding-box size (e.g. \"123x123) or inherent width (e.g. \"123w\").\n\n`class`:\n    The CSS classes to add to the image, e.g. \"card-image\". If lazyloading is enabled, all images will have the\n    \"lazyload\" class so that lazysizes will target them automatically.\n\n`otherAttributes`:\n    Any other HTML attributes you want on the img tag, for example \"height='100' width='100'\"\n\n`default_image`:\n    The default image to use if `image` is undefined or falsy. Should be a theme asset, usually defined as a relative\n    path in the theme config. If a default image is not provided, you'll get an image tag with no image if the primary\n    image is undefined.\n\n`lqip_size`:\n    If you want to specify a particular size for the LQIP image, you can do so with this argument. A default of 80\n    pixels wide will be used otherwise. This argument has no effect if the lazyload mode is not \"lazyload+lqip\".\n\n--}}\n<img {{#if image}}{{!-- Get the default image for legacy browsers that do not support srcset\n--}}src=\"{{getImageSrcset image 1x=(default fallback_size '160w')}}\" alt=\"{{image.alt}}\" title=\"{{image.alt}}\" {{!--\n  Allow lazysizes to generate the 'sizes' attribute automatically --}}data-sizes=\"auto\"\n  {{#unless lazyload '==' 'disabled'}}\n    {{#if lazyload '==' 'lazyload+lqip'}}\n    {{!-- If we want a LQIP, include it as the default srcset (will be overwritten by lazysizes) --}}\n    srcset=\"{{getImageSrcset image 1x=(default lqip_size '80w')}}\"\n    {{else}}\n      {{!-- If we don't want a LQIP, use a 1px transparent gif for the stand-in image\n            This requires no additional network request, so it's fast --}}\n    srcset=\"data:image/gif;base64,R0lGODlhAQABAIAAAP///wAAACH5BAEAAAAALAAAAAABAAEAAAICRAEAOw==\"\n    {{/if}}\n{{/unless}}\n{{!-- If lazyloading is disabled, just use \"srcset\". If it is not disabled, use \"data-srcset\" so lazysizes will use\n      this after page load --}}\n{{!--\nGenerate the srcset string using the default sizes defined in the helper. This will allow the browser to\npick the best-sized image based on its own understanding of how it will render the page.\n--}}\n{{#unless lazyload '==' 'disabled'}}data-{{/unless}}srcset=\"{{getImageSrcset image use_default_sizes=true }}\"\n{{else if default_image}}src=\"{{cdn default_image}}\" alt=\"{{lang 'products.card_default_image_alt'}}\"{{/if}}\nclass=\"{{#unless lazyload '==' 'disabled'}}lazyload{{/unless}}{{#if class}} {{class}}{{/if}}\"\n{{#if lazyload '==' 'lazyload'}}loading=\"lazy\"{{/if}}\n{{otherAttributes}} />\n","components/gordonbyte/common/login-for-pricing":"<p translate><a href=\"/login.php\">{{lang 'common.login_for_pricing'}}</a></p>","components/gordonbyte/products/card":"<article\n    class=\"card\n    {{#if alternate}} card--alternate{{/if}}\"\n    data-test=\"card-{{id}}\"\n    data-gbproduct-id=\"{{id}}\"\n    {{#if settings.data_tag_enabled}}\n        data-event-type=\"{{event}}\"\n        data-entity-id=\"{{id}}\"\n        data-position=\"{{position}}\"\n        data-name=\"{{name}}\"\n        data-product-category=\"\n        {{#each category}}\n            {{#if @last}}\n                {{this}}\n            {{else}}\n                {{this}},\n            {{/if}}\n        {{/each}}\"\n        data-product-brand=\"{{brand.name}}\"\n        data-product-price=\"\n        {{#if price.with_tax}}\n            {{price.with_tax.value}}\n        {{else}}\n            {{price.without_tax.value}}\n        {{/if}}\"\n    {{/if}}>\n    <figure class=\"card-figure\">\n      {{#if out_of_stock_message }}\n        {{> components/products/product-badge\n            badge-type='sold-out'\n            badge_view=theme_settings.product_sold_out_badges\n            badge_label=theme_settings.pdp_sold_out_label\n        }}\n    {{/if}}\n\n    {{#or price.sale_price_with_tax.value price.sale_price_without_tax.value}}\n        {{> components/products/product-badge\n            badge-type='sale'\n            badge_view=theme_settings.product_sale_badges\n            badge_label=theme_settings.pdp_sale_badge_label\n        }}\n    {{/or}}\n\n        <a href=\"{{url}}\"\n           class=\"card-figure__link\"\n           aria-label=\"{{name}},{{> components/products/product-aria-label}}\"\n           {{#if settings.data_tag_enabled}} data-event-type=\"product-click\" {{/if}}\n        >\n            <div class=\"card-img-container\">\n                {{> components/common/responsive-img\n                    image=image\n                    class=\"card-image\"\n                    fallback_size=theme_settings.productgallery_size\n                    lazyload=theme_settings.lazyload_mode\n                    default_image=theme_settings.default_image_product\n                }}\n            </div>\n        </a>\n\n        <figcaption class=\"card-figcaption\">\n            <div class=\"card-figcaption-body flex-align\">\n\n                {{#unless hide_product_quick_view}}\n                    {{#if theme_settings.show_product_quick_view}}\n                        {{#if settings.data_tag_enabled}}\n                            <button class=\"button button--small card-figcaption-button quickview\" data-event-type=\"product-click\" data-product-id=\"{{id}}\">\n                              <svg height=\"13\" xmlns=\"http://www.w3.org/2000/svg\" viewBox=\"0 0 177.19 121.44\">\n                                <path d=\"M601.62,385.81c-11.78,12.63-22.47,26.55-35.56,37.63-32.07,27.11-75,27.1-107.08.16-12.11-10.17-22.19-22.82-32.66-34.82-1.84-2.11-2.57-7.62-1.13-9.8,15.75-24,35.47-43.71,63.46-52.7s53.39-2,76.57,15.16c14.51,10.74,25.69,24.53,36.4,38.8Zm-89.49-51.73c-2.77.32-6.26.5-9.66,1.15-28.28,5.41-47.82,23.29-64.13,45.54-.85,1.16-.22,4.54.92,5.83,7.36,8.34,14.32,17.24,22.77,24.34,17.8,14.94,37.92,24.31,62.1,19.6,19.67-3.84,35.84-14.32,48.83-29,19.59-22.09,19.72-15.12-.21-37.21C557,346.85,537.3,335.34,512.13,334.08Z\" transform=\"translate(-424.43 -322.35)\"/>\n                                <path d=\"M552.58,383.85c-.83,22.3-19.89,40.44-41.31,39.32-22.15-1.16-39.77-19.68-39-41,.84-22.3,19.89-40.43,41.32-39.32C535.76,344,553.38,362.55,552.58,383.85Zm-40.32,27.22a28,28,0,1,0-27.84-28.58A27.84,27.84,0,0,0,512.26,411.07Z\" transform=\"translate(-424.43 -322.35)\"/>\n                                <path d=\"M527.69,383.35a15.64,15.64,0,0,1-15.4,14.93c-8.35-.11-15.51-7.66-15.08-15.93s7.73-14.9,15.73-14.58A15.63,15.63,0,0,1,527.69,383.35Z\" transform=\"translate(-424.43 -322.35)\"/>\n                              </svg>\n                              <span class=\"quickviewlabel-btn\">{{lang 'products.quick_view'}}</span>\n                            </button>\n                        {{else}}\n                            <button class=\"button button--small card-figcaption-button quickview\" data-product-id=\"{{id}}\">\n                              <svg height=\"13\" xmlns=\"http://www.w3.org/2000/svg\" viewBox=\"0 0 177.19 121.44\">\n                                <path d=\"M601.62,385.81c-11.78,12.63-22.47,26.55-35.56,37.63-32.07,27.11-75,27.1-107.08.16-12.11-10.17-22.19-22.82-32.66-34.82-1.84-2.11-2.57-7.62-1.13-9.8,15.75-24,35.47-43.71,63.46-52.7s53.39-2,76.57,15.16c14.51,10.74,25.69,24.53,36.4,38.8Zm-89.49-51.73c-2.77.32-6.26.5-9.66,1.15-28.28,5.41-47.82,23.29-64.13,45.54-.85,1.16-.22,4.54.92,5.83,7.36,8.34,14.32,17.24,22.77,24.34,17.8,14.94,37.92,24.31,62.1,19.6,19.67-3.84,35.84-14.32,48.83-29,19.59-22.09,19.72-15.12-.21-37.21C557,346.85,537.3,335.34,512.13,334.08Z\" transform=\"translate(-424.43 -322.35)\"/>\n                                <path d=\"M552.58,383.85c-.83,22.3-19.89,40.44-41.31,39.32-22.15-1.16-39.77-19.68-39-41,.84-22.3,19.89-40.43,41.32-39.32C535.76,344,553.38,362.55,552.58,383.85Zm-40.32,27.22a28,28,0,1,0-27.84-28.58A27.84,27.84,0,0,0,512.26,411.07Z\" transform=\"translate(-424.43 -322.35)\"/>\n                                <path d=\"M527.69,383.35a15.64,15.64,0,0,1-15.4,14.93c-8.35-.11-15.51-7.66-15.08-15.93s7.73-14.9,15.73-14.58A15.63,15.63,0,0,1,527.69,383.35Z\" transform=\"translate(-424.43 -322.35)\"/>\n                              </svg>\n                              <span class=\"quickviewlabel-btn\">{{lang 'products.quick_view'}}</span>\n                            </button>\n                        {{/if}}\n                    {{/if}}\n                {{/unless}}\n\n                {{#if show_compare}}\n                  <label class=\"card-figcaption-button compareprod-btn\" for=\"compare-{{id}}\">\n                    <svg height=\"15\" xmlns=\"http://www.w3.org/2000/svg\" viewBox=\"0 0 512 358.4\">\n                      <polygon points=\"179.46 230.4 0 230.4 0 281.6 179.46 281.6 179.46 358.4 281.6 256 179.46 153.6 179.46 230.4\"/>\n                      <polygon points=\"332.54 76.8 332.54 0 230.4 102.4 332.54 204.8 332.54 128 512 128 512 76.8 332.54 76.8\"/>\n                    </svg>\n                      <span class=\"comparelabel-btn hidden\">{{lang 'products.compare'}}</span>\n                  </label>\n                  <input class=\"hidden\" type=\"checkbox\" name=\"products[]\" value=\"{{id}}\" id=\"compare-{{id}}\" data-compare-id=\"{{id}}\">\n                {{/if}}\n\n            </div>\n        </figcaption>\n    </figure>\n\n    <div class=\"card-body\">\n        \n        {{#if theme_settings.show_product_card_swatch }}\n            <div class=\"card-swatch\" data-cardtype=\"{{product_type}}\">\n            <div class=\"form-field\"> </div>\n            </div><!--.card-swatch ends-->\n        {{/if}}\n\n        {{#if theme_settings.gb-show-brandname }}\n        <p class=\"card-text card-brandname\" data-test-info-type=\"brandName\">\n          {{#if brand.name}}\n              {{brand.name}}\n          {{/if}}\n        </p>\n        {{/if}}\n\n        <h3 class=\"card-title\">\n            <a aria-label=\"{{name}},{{> components/products/product-aria-label}}\"\n               href=\"{{url}}\"\n               {{#if settings.data_tag_enabled}} data-event-type=\"product-click\" {{/if}}>{{name}}</a>\n        </h3>\n\n        {{#if theme_settings.gb-show-ratings }}\n            {{#and rating show_rating}}\n                <p class=\"card-text\" data-test-info-type=\"productRating\">\n                    <span class=\"rating--small\">\n                        {{> components/products/ratings rating_target=name rating=rating}}\n                    </span>\n\n                    <span class=\"card-review-total\">+ {{ num_reviews }} reviews</span>\n                </p>\n            {{/and}}\n        {{/if}}\n\n        <div class=\"card-text card-price-holder\" data-test-info-type=\"price\">\n            {{#or customer (if theme_settings.restrict_to_login '!==' true)}}\n                {{> components/products/price price=price}}\n            {{else}}\n                {{> components/gordonbyte/common/login-for-pricing}}\n            {{/or}}\n        </div>\n        {{> components/products/bulk-discount-rates}}\n\n    </div>\n    <div class=\"addtocart-btn\">\n    {{#or customer (if theme_settings.restrict_to_login '!==' true)}}\n        {{#if show_cart_action}}\n            {{#if has_options}}\n                <a href=\"{{url}}\" data-event-type=\"product-click\" class=\"button card-figcaption-button\" data-product-id=\"{{id}}\">{{lang 'products.choose_options'}}</a>\n            {{/if}}\n            {{#if pre_order}}\n                <a href=\"{{pre_order_add_to_cart_url}}\" data-event-type=\"product-click\" class=\"button card-figcaption-button\">{{lang 'products.pre_order'}}</a>\n            {{/if}}\n            {{#if add_to_cart_url }}\n                <a href=\"{{add_to_cart_url}}\" data-event-type=\"product-click\" class=\"button card-figcaption-button\">{{lang 'products.add_to_cart'}}</a>\n            {{/if}}\n            {{#if out_of_stock_message }}\n                <a href=\"{{url}}\" data-event-type=\"product-click\" class=\"button card-figcaption-button\" data-product-id=\"{{id}}\">{{out_of_stock_message}}</a>\n            {{/if}}\n        {{/if}}\n    {{/or}}\n\n    </div><!--.addtocart-btn ends-->\n</article>\n","components/gordonbyte/products/carousel":"<section class=\"productCarousel {{product_type}}\"\n    data-list-name=\"{{list}}\"\n    data-slick='{\n        \"dots\": false,\n        \"infinite\": false,\n        \"mobileFirst\": true,\n        \"slidesToShow\": 2,\n        \"slidesToScroll\": 2,\n        \"slide\": \"[data-product-slide]\",\n        \"responsive\": [\n            {\n                \"breakpoint\": 991,\n                \"settings\": {\n                    \"slidesToShow\": {{ columns }},\n                    \"slidesToScroll\": {{ columns }}\n                }\n            },\n            {\n                \"breakpoint\": 800,\n                \"settings\": {\n                    \"slidesToShow\": 3,\n                    \"slidesToScroll\": 3\n                }\n            }\n        ]\n    }'\n>\n    {{#each (limit products countLimit)}}\n    <div data-product-slide class=\"productCarousel-slide\">\n        {{> components/gordonbyte/products/card show_rating=../settings.show_product_rating settings=../settings theme_settings=../theme_settings customer=../customer event=\"list\" product_type=../product_type position=(add @index 1)}}\n    </div>\n    {{/each}}\n    \n    {{#if products.length '>' 1}}\n        {{> components/carousel-content-announcement}}\n    {{/if}}\n</section>\n","components/gordonbyte/products/tabs":"<ul class=\"tabs hidden\" data-tab role=\"tablist\">\n    {{#if product.related_products}}\n        <li class=\"tab is-active\" role=\"presentation\">\n            <a class=\"tab-title\" href=\"#tab-related\" role=\"tab\" tabindex=\"0\" aria-selected=\"true\" controls=\"tab-related\">{{lang 'products.related_products'}}</a>\n        </li>\n    {{/if}}\n    {{#if product.similar_by_views}}\n        <li class=\"tab{{#unless product.related_products}} is-active{{/unless}}\" role=\"presentation\">\n            <a class=\"tab-title\" href=\"#tab-similar\" role=\"tab\" tabindex=\"0\" aria-selected=\"{{#if product.related_products}}false{{else}}true{{/if}}\" controls=\"tab-similar\">{{lang 'products.similar_by_views'}}</a>\n        </li>\n    {{/if}}\n</ul>\n\n\n{{{region name=\"above_related_products\"}}}\n\n\n{{#if product.related_products}}\n  <div class=\"productPage-view clip-arrows lightarrows\">\n        <h2 class=\"page-heading\"><span>{{lang 'products.related_products'}}</span></h2>\n\n        {{#if settings.data_tag_enabled}}\n            {{> components/gordonbyte/products/carousel product_type=\"related\" products=product.related_products columns=4 list=\"Related Products\" countLimit=20}}\n        {{else}}\n            {{> components/gordonbyte/products/carousel product_type=\"related\" products=product.related_products columns=4 countLimit=20}}\n        {{/if}}\n  </div><!--.productPage-view ends-->\n{{/if}}\n\n\n{{{region name=\"above_similar_views\"}}}\n\n\n\n{{#if product.similar_by_views}}\n  <div class=\"productPage-view clip-arrows lightarrows\">\n        <h2 class=\"page-heading\"><span>{{lang 'products.similar_by_views'}}</span></h2>\n\n        {{> components/gordonbyte/products/carousel product_type=\"similar\" columns=4 products=product.similar_by_views settings=../settings theme_settings=../theme_settings customer=../customer event=\"list\" list=\"Customers Also Viewed\" productstype=\"also\" countLimit=20 position=(add @index 1)}}\n\n  </div><!--.productPage-view ends-->\n{{/if}}\n","components/products/bulk-discount-rates":"{{#if bulk_discount_rates.length}}\n    {{#if product}}<dt class=\"productView-info-name\">{{lang 'products.bulk_pricing.title'}}</dt>{{/if}}\n    <dd class=\"productView-info-value\">\n        <a href=\"{{product.url}}#bulk_pricing\"\n           {{#unless is_ajax }}data-reveal-id=\"modal-bulk-pricing\"{{/unless}}>\n            {{lang 'products.bulk_pricing.view'}}\n        </a>\n    </dd>\n    <div id=\"modal-bulk-pricing\" class=\"modal modal--small\" data-reveal>\n        <div class=\"modal-header\">\n            <h2 class=\"modal-header-title\">{{lang 'products.bulk_pricing.modal_title'}}</h2>\n            {{> components/common/modal/modal-close-btn}}\n        </div>\n        <div class=\"modal-body\">\n            <p>{{lang 'products.bulk_pricing.instructions'}}</p>\n            <ul>\n                {{#each bulk_discount_rates}}\n                <li>\n                    {{lang 'products.bulk_pricing.range' min=min max=max}}\n                    {{#if type '===' 'percent'}}\n                    {{lang 'products.bulk_pricing.percent' discount=discount.formatted}}\n                    {{else if type '===' 'fixed'}}\n                    {{lang 'products.bulk_pricing.fixed' discount=discount.formatted}}\n                    {{else if type '===' 'price'}}\n                    {{lang 'products.bulk_pricing.price' discount=discount.formatted}}\n                    {{/if}}\n                </li>\n                {{/each}}\n            </ul>\n        </div>\n    </div>\n{{/if}}\n","components/products/price":"{{!-- There are 2 code paths for generating the PDP pricing HTML determined by the following #and condition.\nIf a 'price_range' exists then we generate all HTML in price-range.html, otherwise it is defined here. Both code\npaths generate the same HTML structure with some differences in whether that element is displayed by default (css styling).\n\nIf you are making a change here or in price-range.html, you probably want to make that change in both files. --}}\n\n{{#and price.price_range (if theme_settings.price_ranges '==' true)}}\n    {{> components/products/price-range price=price}}\n{{else}}\n    {{#if price.with_tax}}\n        <div class=\"price-section price-section--withTax rrp-price--withTax\" {{#unless price.rrp_with_tax}}style=\"display: none;\"{{/unless}}>\n            <span>\n                {{> components/products/price-label\n                    label_value=theme_settings.pdp-retail-price-label\n                    fallback=(lang \"page_builder.pdp-retail-price-label\")\n                }}\n            </span>\n            <span data-product-rrp-with-tax class=\"price price--rrp\">\n                {{price.rrp_with_tax.formatted}}\n            </span>\n        </div>\n        <div class=\"price-section price-section--withTax non-sale-price--withTax\" {{#unless price.non_sale_price_with_tax}}style=\"display: none;\"{{/unless}}>\n            <span>\n                {{> components/products/price-label\n                    label_value=theme_settings.pdp-non-sale-price-label\n                    fallback=(lang \"page_builder.pdp-non-sale-price-label\")\n                }}\n            </span>\n            <span data-product-non-sale-price-with-tax class=\"price price--non-sale\">\n                {{price.non_sale_price_with_tax.formatted}}\n            </span>\n        </div>\n        <div class=\"price-section price-section--withTax\">\n            <span class=\"price-label\" {{#if price.non_sale_price_with_tax}}style=\"display: none;\"{{/if}}>\n                {{theme_settings.pdp-price-label}}\n            </span>\n            <span class=\"price-now-label\" {{#unless price.non_sale_price_with_tax}}style=\"display: none;\"{{/unless}}>\n                {{> components/products/price-label\n                    label_value=theme_settings.pdp-sale-price-label\n                    fallback=(lang \"page_builder.pdp-sale-price-label\")\n                }}\n            </span>\n            <span data-product-price-with-tax class=\"price price--withTax\">{{price.with_tax.formatted}}</span>\n            {{#if price.without_tax}}\n                <abbr title=\"{{lang 'products.including_tax'}}\">{{lang 'products.price_with_tax' tax_label=price.tax_label}}</abbr>\n            {{/if}}\n        </div>\n    {{/if}}\n    {{#if price.without_tax}}\n        <div class=\"price-section price-section--withoutTax rrp-price--withoutTax{{#if price.with_tax}} price-section--minor{{/if}}\" {{#unless price.rrp_without_tax}}style=\"display: none;\"{{/unless}}>\n            <span>\n                {{> components/products/price-label\n                    label_value=theme_settings.pdp-retail-price-label\n                    fallback=(lang \"page_builder.pdp-retail-price-label\")\n                }}\n            </span>\n            <span data-product-rrp-price-without-tax class=\"price price--rrp\">\n                {{price.rrp_without_tax.formatted}}\n            </span>\n        </div>\n        <div class=\"price-section price-section--withoutTax non-sale-price--withoutTax{{#if price.with_tax}} price-section--minor{{/if}}\" {{#unless price.non_sale_price_without_tax}}style=\"display: none;\"{{/unless}}>\n            <span>\n                {{> components/products/price-label\n                    label_value=theme_settings.pdp-non-sale-price-label\n                    fallback=(lang \"page_builder.pdp-non-sale-price-label\")\n                }}\n            </span>\n            <span data-product-non-sale-price-without-tax class=\"price price--non-sale\">\n                {{price.non_sale_price_without_tax.formatted}}\n            </span>\n        </div>\n        <div class=\"price-section price-section--withoutTax\">\n            <span class=\"price-label\" {{#if price.non_sale_price_without_tax}}style=\"display: none;\"{{/if}}>\n                {{theme_settings.pdp-price-label}}\n            </span>\n            <span class=\"price-now-label\" {{#unless price.non_sale_price_without_tax}}style=\"display: none;\"{{/unless}}>\n                {{> components/products/price-label\n                    label_value=theme_settings.pdp-sale-price-label\n                    fallback=(lang \"page_builder.pdp-sale-price-label\")\n                }}\n            </span>\n            <span data-product-price-without-tax class=\"price price--withoutTax{{#if price.with_tax}} price-section--minor{{/if}}\">{{price.without_tax.formatted}}</span>\n            {{#if price.with_tax}}\n                <abbr title=\"{{lang 'products.excluding_tax'}}\">{{lang 'products.price_without_tax' tax_label=price.tax_label}}</abbr>\n            {{/if}}\n        </div>\n    {{/if}}\n    {{#if page_type '===' 'product'}}\n         <div class=\"price-section price-section--saving price\" {{#unless price.saved}}style=\"display: none;\"{{/unless}}>\n                <span class=\"price\">{{lang 'products.you_save_opening_text'}}</span>\n                <span data-product-price-saved class=\"price price--saving\">\n                    {{price.saved.formatted}}\n                </span>\n                <span class=\"price\">{{lang 'products.you_save_closing_bracket'}}</span>\n         </div>\n    {{/if}}\n{{/and}}\n","components/products/price-label":"{{#if label_value '===' ''}}\n    {{fallback}}\n{{else}}\n    {{label_value}}\n{{/if}}\n","components/products/price-range":"{{#and price.retail_price_range.min.with_tax price.retail_price_range.max.with_tax}}\n    <div class=\"price-section price-section--withTax rrp-price--withTax\">\n        <span>\n            {{> components/products/price-label\n                label_value=theme_settings.pdp-retail-price-label\n                fallback=(lang \"page_builder.pdp-retail-price-label\")\n            }}\n        </span>\n        <span data-product-rrp-price-with-tax class=\"price price--rrp\">{{price.retail_price_range.min.with_tax.formatted}} - {{price.retail_price_range.max.with_tax.formatted}}</span>\n    </div>\n{{else}}\n    {{#if price.with_tax}}\n        <div class=\"price-section price-section--withTax rrp-price--withTax\" style=\"display: none;\">\n            <span>\n                {{> components/products/price-label\n                    label_value=theme_settings.pdp-retail-price-label\n                    fallback=(lang \"page_builder.pdp-retail-price-label\")\n                }}\n            </span>\n            <span data-product-rrp-with-tax class=\"price price--rrp\">\n                {{price.rrp_with_tax.formatted}}\n            </span>\n        </div>\n    {{/if}}\n{{/and}}\n{{#and price.price_range.min.with_tax price.price_range.max.with_tax}}\n    {{!-- Never display the \"non-sales price\" if there is a price range to be shown, but we do want the element on the page --}}\n    <div class=\"price-section price-section--withTax non-sale-price--withTax\" style=\"display: none;\">\n        <span>\n            {{> components/products/price-label\n                label_value=theme_settings.pdp-non-sale-price-label\n                fallback=(lang \"page_builder.pdp-non-sale-price-label\")\n            }}\n        </span>\n        <span data-product-non-sale-price-with-tax class=\"price price--non-sale\">\n            {{price.non_sale_price_with_tax.formatted}}\n        </span>\n    </div>\n    <div class=\"price-section price-section--withTax\">\n        <span class=\"price-label\">{{theme_settings.pdp-price-label}}</span>\n        <span class=\"price-now-label\" style=\"display: none;\">\n            {{> components/products/price-label\n                label_value=theme_settings.pdp-sale-price-label\n                fallback=(lang \"page_builder.pdp-sale-price-label\")\n            }}\n        </span>\n        <span data-product-price-with-tax class=\"price price--withTax\">{{price.price_range.min.with_tax.formatted}} - {{price.price_range.max.with_tax.formatted}}</span>\n        {{#and price.price_range.min.without_tax price.price_range.max.without_tax}}\n            <abbr title=\"{{lang 'products.including_tax'}}\">{{lang 'products.price_with_tax' tax_label=price.price_range.min.tax_label}}</abbr>\n        {{/and}}\n    </div>\n{{/and}}\n{{#and price.retail_price_range.min.without_tax price.retail_price_range.max.without_tax}}\n    <div class=\"price-section price-section--withoutTax rrp-price--withoutTax{{#if price.with_tax}} price-section--minor{{/if}}\">\n        <span>\n            {{> components/products/price-label\n                label_value=theme_settings.pdp-retail-price-label\n                fallback=(lang \"page_builder.pdp-retail-price-label\")\n            }}\n        </span>\n        <span data-product-rrp-price-without-tax class=\"price price--rrp\">{{price.retail_price_range.min.without_tax.formatted}} - {{price.retail_price_range.max.without_tax.formatted}}</span>\n    </div>\n{{else}}\n    {{#if price.without_tax}}\n        <div class=\"price-section price-section--withoutTax rrp-price--withoutTax{{#if price.with_tax}} price-section--minor{{/if}}\" style=\"display: none;\">\n            <span>\n                {{> components/products/price-label\n                    label_value=theme_settings.pdp-retail-price-label\n                    fallback=(lang \"page_builder.pdp-retail-price-label\")\n                }}\n            </span>\n            <span data-product-rrp-price-without-tax class=\"price price--rrp\">\n                {{price.rrp_without_tax.formatted}}\n            </span>\n        </div>\n    {{/if}}\n{{/and}}\n{{#and price.price_range.min.without_tax price.price_range.max.without_tax}}\n    {{!-- Never display the \"non-sales price\" if there is a price range to be shown, but we do want the element on the page --}}\n    <div class=\"price-section price-section--withoutTax non-sale-price--withoutTax{{#if price.with_tax}} price-section--minor{{/if}}\" style=\"display: none;\">\n        <span>\n            {{> components/products/price-label\n                label_value=theme_settings.pdp-non-sale-price-label\n                fallback=(lang \"page_builder.pdp-non-sale-price-label\")\n            }}\n        </span>\n        <span data-product-non-sale-price-without-tax class=\"price price--non-sale\">\n            {{price.non_sale_price_without_tax.formatted}}\n        </span>\n    </div>\n    <div class=\"price-section price-section--withoutTax{{#and price_range.min.with_tax price_range.max.with_tax}} price-section--minor{{/and}}\">\n        <span class=\"price-label\">{{theme_settings.pdp-price-label}}</span>\n        <span class=\"price-now-label\" style=\"display: none;\">\n            {{> components/products/price-label\n                label_value=theme_settings.pdp-sale-price-label\n                fallback=(lang \"page_builder.pdp-sale-price-label\")\n            }}\n        </span>\n        <span data-product-price-without-tax class=\"price price--withoutTax\">{{price.price_range.min.without_tax.formatted}} - {{price.price_range.max.without_tax.formatted}}</span>\n        {{#and price.price_range.min.with_tax price.price_range.max.with_tax}}\n            <abbr title=\"{{lang 'products.excluding_tax'}}\">{{lang 'products.price_without_tax' tax_label=price.price_range.min.tax_label}}</abbr>\n        {{/and}}\n    </div>\n{{/and}}\n\n{{!-- Never display the \"saving price\" element by default if there is a price range on the page to be shown --}}\n{{#if page_type '===' 'product'}}\n     <div class=\"price-section price-section--saving price\" style=\"display: none;\">\n            <span class=\"price\">{{lang 'products.you_save_opening_text'}}</span>\n            <span data-product-price-saved class=\"price price--saving\">\n                {{price.saved.formatted}}\n            </span>\n            <span class=\"price\">{{lang 'products.you_save_closing_bracket'}}</span>\n     </div>\n{{/if}}\n","components/products/product-aria-label":"{{#and price.price_range (if theme_settings.price_ranges '==' true)}}\n    {{#and price.price_range.min.with_tax price.price_range.max.with_tax}}\n{{lang 'category.shop_by_price_range_aria'\n       from=price.price_range.min.with_tax.formatted\n       to=price.price_range.max.with_tax.formatted\n}}\n    {{else}}\n{{lang 'category.shop_by_price_range_aria'\n       from=price.price_range.min.without_tax.formatted\n       to=price.price_range.max.without_tax.formatted\n}}\n    {{/and}}\n{{else}}\n    {{#if price.with_tax}}\n        {{#if price.non_sale_price_with_tax}}\n{{> components/products/price-label\n    label_value=theme_settings.pdp-non-sale-price-label\n    fallback=(lang \"page_builder.pdp-non-sale-price-label\")\n}}{{price.non_sale_price_with_tax.formatted}},\n{{> components/products/price-label\n    label_value=theme_settings.pdp-sale-price-label\n    fallback=(lang \"page_builder.pdp-sale-price-label\")\n}}{{price.with_tax.formatted}}\n        {{else}}\n{{price.with_tax.formatted}}\n        {{/if}}\n    {{else}}\n        {{#if price.non_sale_price_without_tax}}\n{{> components/products/price-label\n    label_value=theme_settings.pdp-non-sale-price-label\n    fallback=(lang \"page_builder.pdp-non-sale-price-label\")\n}}{{price.non_sale_price_without_tax.formatted}},\n{{> components/products/price-label\n    label_value=theme_settings.pdp-sale-price-label\n    fallback=(lang \"page_builder.pdp-sale-price-label\")\n}}{{price.without_tax.formatted}}\n        {{else}}\n{{price.without_tax.formatted}}\n        {{/if}}\n    {{/if}}\n{{/and}}\n","components/products/product-badge":"{{#if badge_view '===' 'sash'}}\n    <div class=\"{{badge-type}}-flag-sash\">\n        <span class=\"{{badge-type}}-text\">{{{badge_label}}}</span>\n    </div>\n{{else if badge_view '===' 'topleft'}}\n    <div class=\"{{badge-type}}-flag-side\">\n        <span class=\"{{badge-type}}-text\">{{{badge_label}}}</span>\n    </div>\n{{else if badge_view '===' 'burst'}}\n    <div class=\"starwrap\">\n        <div class=\"{{badge-type}}-text-burst\">{{{badge_label}}}</div>\n        <div class=\"{{badge-type}}-flag-star\"></div>\n    </div>\n{{/if}}\n","components/products/ratings":"<span role=\"img\"\n    {{#if rating_target}}\n      aria-label=\"{{lang 'products.reviews.rating_aria_label' rating_target=rating_target current_rating=rating max_rating=5}}\"\n    {{else}}\n      aria-label=\"{{lang 'products.reviews.rating_aria_label' rating_target='Product' current_rating=rating max_rating=5}}\"\n    {{/if}}\n>\n    {{#for 1 5}}\n        {{#if ../this.rating '>=' $index}}\n            <span class=\"icon icon--ratingFull\">\n                <svg>\n                    <use href=\"#icon-star\" />\n                </svg>\n            </span>\n        {{else}}\n            <span class=\"icon icon--ratingEmpty\">\n                <svg>\n                    <use href=\"#icon-star\" />\n                </svg>\n            </span>\n        {{/if}}\n    {{/for}}\n</span>\n"}
