{"components/cart/item-giftwrap":"{{#if show_gift_wrapping}}\n    <dl class=\"cart-item-options cart-item-options--giftWrapping\">\n        <dt class=\"cart-item-option-title\">\n            {{lang 'cart.gift_wrapping.title'}}:\n        </dt>\n        {{#if gift_wrapping}}\n            <dd class=\"cart-item-option-description\">\n                {{gift_wrapping.name}}: {{gift_wrapping.price.formatted}}\n                <span class=\"cart-item-option-actions\">\n                    (<a href=\"\" data-item-giftwrap=\"{{id}}\">{{lang 'cart.gift_wrapping.change'}}</a> or <a href=\"{{gift_wrapping.remove_url}}\" onclick=\"return confirm('{{lang 'cart.gift_wrapping.remove_confirm'}}')\">{{lang 'cart.gift_wrapping.remove'}}</a>)\n                </span>\n            </dd>\n            {{#if gift_wrapping.message}}\n                <dt class=\"cart-item-option-title\">\n                    {{lang 'cart.gift_wrapping.gift_message'}}:\n                </dt>\n                <dd class=\"cart-item-option-description\">\n                    {{gift_wrapping.message}}\n                </dd>\n            {{/if}}\n        {{else}}\n            <dd class=\"cart-item-option-description\">\n                <a href=\"\" data-item-giftwrap=\"{{id}}\">{{lang 'cart.gift_wrapping.add'}}</a>\n            </dd>\n        {{/if}}\n    </dl>\n{{/if}}\n","components/common/login-for-pricing":"<p translate>{{lang 'common.login_for_pricing'}}</p>\n","components/common/product-options":"{{#if value '==' 'Yes'}}\n{{lang 'common.yes'}}\n{{else if value '==' 'No'}}\n{{lang 'common.no'}}\n{{else}}\n{{{sanitize value}}}\n{{/if}}\n","components/common/responsive-img":"{{!--\nThis file implements the lazysizes srcset pattern (as seen on\nhttps://github.com/aFarkas/lazysizes#modern-transparent-srcset-pattern) for maximum performance on modern browsers\nand reasonable compatibility with legacy browsers.\n\nThere are a few important arguments to know about when using this component:\n`lazyload`:\n    - If set to 'lazyload+lqip', will load a low-res image which will be replaced by lazysizes - ensuring that SOME\n    content is shown immediately on page load. Without LQIP, a transparent gif will be used instead, which reduces\n    the number of requests needed to load the page, making it even faster.\n    - If set to 'lazyload', the browser will not load the full-size image at first, instead the lazysizes plugin will\n        load it progressively after page load. This improves the load speed of the page, but it should be disabled for\n        high-priority above-the-fold images.\n    - If set to 'disabled', will not attempt to lazyload the image and instead tell the browser to load it immediately.\n        Use this for high-priority images that are above the fold.\n\n`fallback_size`:\n    This is the size to use for this image in legacy browsers that do not support srcset.\n    Can be defined as a pixel bounding-box size (e.g. \"123x123) or inherent width (e.g. \"123w\").\n\n`class`:\n    The CSS classes to add to the image, e.g. \"card-image\". If lazyloading is enabled, all images will have the\n    \"lazyload\" class so that lazysizes will target them automatically.\n\n`otherAttributes`:\n    Any other HTML attributes you want on the img tag, for example \"height='100' width='100'\"\n\n`default_image`:\n    The default image to use if `image` is undefined or falsy. Should be a theme asset, usually defined as a relative\n    path in the theme config. If a default image is not provided, you'll get an image tag with no image if the primary\n    image is undefined.\n\n`lqip_size`:\n    If you want to specify a particular size for the LQIP image, you can do so with this argument. A default of 80\n    pixels wide will be used otherwise. This argument has no effect if the lazyload mode is not \"lazyload+lqip\".\n\n--}}\n<img {{#if image}}{{!-- Get the default image for legacy browsers that do not support srcset\n--}}src=\"{{getImageSrcset image 1x=(default fallback_size '160w')}}\" alt=\"{{image.alt}}\" title=\"{{image.alt}}\" {{!--\n  Allow lazysizes to generate the 'sizes' attribute automatically --}}data-sizes=\"auto\"\n  {{#unless lazyload '==' 'disabled'}}\n    {{#if lazyload '==' 'lazyload+lqip'}}\n    {{!-- If we want a LQIP, include it as the default srcset (will be overwritten by lazysizes) --}}\n    srcset=\"{{getImageSrcset image 1x=(default lqip_size '80w')}}\"\n    {{else}}\n      {{!-- If we don't want a LQIP, use a 1px transparent gif for the stand-in image\n            This requires no additional network request, so it's fast --}}\n    srcset=\"data:image/gif;base64,R0lGODlhAQABAIAAAP///wAAACH5BAEAAAAALAAAAAABAAEAAAICRAEAOw==\"\n    {{/if}}\n{{/unless}}\n{{!-- If lazyloading is disabled, just use \"srcset\". If it is not disabled, use \"data-srcset\" so lazysizes will use\n      this after page load --}}\n{{!--\nGenerate the srcset string using the default sizes defined in the helper. This will allow the browser to\npick the best-sized image based on its own understanding of how it will render the page.\n--}}\n{{#unless lazyload '==' 'disabled'}}data-{{/unless}}srcset=\"{{getImageSrcset image use_default_sizes=true }}\"\n{{else if default_image}}src=\"{{cdn default_image}}\" alt=\"{{lang 'products.card_default_image_alt'}}\"{{/if}}\nclass=\"{{#unless lazyload '==' 'disabled'}}lazyload{{/unless}}{{#if class}} {{class}}{{/if}}\"\n{{#if lazyload '==' 'lazyload'}}loading=\"lazy\"{{/if}}\n{{otherAttributes}} />\n","components/gordonbyte/cart/content":"<table class=\"cart\" data-cart-quantity=\"{{cart.quantity}}\">\n    <thead class=\"cart-header\">\n        <tr>\n            <th class=\"cart-header-item\" colspan=\"2\">{{lang 'cart.checkout.item'}}</th>\n            <th class=\"cart-header-item\">{{lang 'cart.checkout.price'}}</th>\n            <th class=\"cart-header-item cart-header-quantity\">{{lang 'cart.checkout.quantity'}}</th>\n            <th class=\"cart-header-item\">{{lang 'cart.checkout.total'}}</th>\n        </tr>\n    </thead>\n    <tbody class=\"cart-list\">\n        {{#each cart.items}}\n            <tr class=\"cart-item\" data-item-row>\n                <td class=\"cart-item-block cart-item-figure\">\n                    {{#if type '==' 'GiftCertificate'}}\n                        <img\n                            class=\"cart-item-fixed-image\"\n                            src=\"{{cdn ../theme_settings.default_image_gift_certificate}}\"\n                            alt=\"{{lang 'cart.gift_certificates.gift_certificate'}}\"\n                            title=\"{{lang 'cart.gift_certificates.gift_certificate'}}\"\n                        >\n                    {{else}}\n                        {{> components/common/responsive-img\n                            image=image\n                            class=\"cart-item-image\"\n                            fallback_size=../theme_settings.productthumb_size\n                            lazyload=\"lazyload\"\n                            default_image=../theme_settings.default_image_product\n                        }}\n                    {{/if}}\n                </td>\n                <td class=\"cart-item-block cart-item-title\">\n                    {{#if brand.name}}\n                        <p class=\"cart-item-brand\">{{brand.name}}</p>\n                    {{/if}}\n                    <h2 class=\"cart-item-name\">\n                        <a class=\"cart-item-name__label\" href=\"{{url}}\">{{name}}</a>\n                    </h2>\n                    {{#if release_date}}\n                        <p>({{release_date}})</p>\n                    {{/if}}\n\n                    {{#if options}}\n                        <dl class=\"definitionList\">\n                            {{#each options}}\n                                <dt class=\"definitionList-key\">{{name}}:</dt>\n                                <dd class=\"definitionList-value\">\n                                    {{#if is_file}}\n                                        <a href=\"/viewfile.php?attributeId={{id}}&cartitem={{../id}}\">{{value}}</a>\n                                    {{else}}\n                                        {{> components/common/product-options}}\n                                    {{/if}}\n                                </dd>\n                            {{/each}}\n                        </dl>\n\n                        {{#if can_modify}}\n                            <a href=\"#\"\n                            data-item-edit=\"{{id}}\"\n                            data-product-id=\"{{product_id}}\"\n                            aria-label=\"{{lang 'products.change_product_options' name=name}}\"\n                            >\n                                {{lang 'common.change'}}\n                            </a>\n                        {{/if}}\n                    {{/if}}\n\n                    {{#if type '==' 'GiftCertificate'}}\n                        <a href=\"{{edit_url}}\"\n                           aria-label=\"{{lang 'cart.gift_certificates.change_gift_certificate' certificate_name=name}}\"\n                        >\n                            {{lang 'common.change'}}\n                        </a>\n                    {{/if}}\n                    {{> components/cart/item-giftwrap this}}\n                    {{#if event_date}}\n                        <dl class=\"cart-item-options\">\n                            <dt class=\"cart-item-option-title\">\n                                {{event_date.name}}\n                            </dt>\n\n                            <dd class=\"cart-item-option-description\">\n                                {{event_date.date}}\n                            </dd>\n                        </dl>\n                    {{/if}}\n\n                </td>\n                <td class=\"cart-item-block cart-item-info\">\n                    <span class=\"cart-item-label\">{{lang 'cart.checkout.price'}}</span>\n                    {{#or ../customer (unless ../settings.hide_price_from_guests) (if type '==' 'GiftCertificate')}}\n                        <span class=\"cart-item-value {{#if price_discounted}}price--discounted{{/if}}\">{{price.formatted}}</span>\n                        {{#if price_discounted}}\n                            <span class=\"cart-item-value\">{{price_discounted.formatted}}</span>\n                        {{/if}}\n                    {{else}}\n                        {{> components/common/login-for-pricing}}\n                    {{/or}}\n                </td>\n\n                <td class=\"cart-item-block cart-item-info cart-item-quantity\">\n\n                    <label class=\"form-label cart-item-label\" for=\"qty-{{id}}\">{{lang 'products.quantity'}}</label>\n                    <div class=\"form-increment\">\n                        {{#if can_modify}}\n                            <button class=\"button button--icon style-action\"\n                                    data-cart-update\n                                    data-cart-itemid=\"{{id}}\"\n                                    data-action=\"dec\"\n                            >\n                                <span class=\"is-srOnly\">{{lang 'products.quantity_decrease' name=name}}</span>\n                                <i class=\"icon\" aria-hidden=\"true\"><svg><use href=\"#icon-keyboard-arrow-down\" /></svg></i>\n                            </button>\n                        {{/if}}\n                        <input class=\"form-input form-input--incrementTotal cart-item-qty-input\"\n                               id=\"qty-{{id}}\"\n                               name=\"qty-{{id}}\"\n                               type=\"tel\"\n                               value=\"{{quantity}}\"\n                               data-quantity-min=\"{{min_purchase_quantity}}\"\n                               data-quantity-max=\"{{max_purchase_quantity}}\"\n                               data-quantity-min-error=\"{{lang 'products.quantity_min' quantity=min_purchase_quantity}}\"\n                               data-quantity-max-error=\"{{lang 'products.quantity_max' quantity=max_purchase_quantity}}\"\n                               min=\"1\"\n                               pattern=\"[0-9]*\"\n                               data-cart-itemid=\"{{id}}\"\n                               data-action=\"manualQtyChange\"\n                               aria-label=\"{{name}}\"\n                               aria-live=\"polite\"{{#unless can_modify}} disabled{{/unless}}>\n                        {{#if can_modify}}\n                            <button class=\"button button--icon style-action\"\n                                    data-cart-update\n                                    data-cart-itemid=\"{{id}}\"\n                                    data-action=\"inc\"\n                            >\n                                <span class=\"is-srOnly\">{{lang 'products.quantity_increase' name=name}}</span>\n                                <i class=\"icon\" aria-hidden=\"true\"><svg><use href=\"#icon-keyboard-arrow-up\" /></svg></i>\n                            </button>\n                        {{/if}}\n                    </div>\n\n                </td>\n\n                <td class=\"cart-item-block cart-item-info\">\n                    <span class=\"cart-item-label\">{{lang 'cart.checkout.total'}}</span>\n                    {{#or ../customer (unless ../settings.hide_price_from_guests) (if type '==' 'GiftCertificate')}}\n                        <strong class=\"cart-item-value {{#if total_discounted}}price--discounted{{/if}}\">{{total.formatted}}</strong>\n                        {{#if total_discounted}}\n                            <strong class=\"cart-item-value\">{{total_discounted.formatted}}</strong>\n                        {{/if}}\n                    {{else}}\n                        --\n                    {{/or}}\n                    {{#or can_modify (if type '==' 'GiftCertificate')}}\n                        <button class=\"cart-remove icon\"\n                                data-cart-itemid=\"{{id}}\"\n                                data-confirm-delete=\"{{lang 'cart.confirm_delete'}}\"\n                                aria-label=\"{{lang 'cart.remove_item' name=name}}\"\n                        >\n                            <svg><use href=\"#icon-close\"></use></svg>\n                        </button>\n                    {{/or}}\n                </td>\n            </tr>\n        {{/each}}\n    </tbody>\n</table>\n"}
