{"components/common/login-for-pricing":"<p translate>{{lang 'common.login_for_pricing'}}</p>\n","components/common/responsive-img":"{{!--\nThis file implements the lazysizes srcset pattern (as seen on\nhttps://github.com/aFarkas/lazysizes#modern-transparent-srcset-pattern) for maximum performance on modern browsers\nand reasonable compatibility with legacy browsers.\n\nThere are a few important arguments to know about when using this component:\n`lazyload`:\n    - If set to 'lazyload+lqip', will load a low-res image which will be replaced by lazysizes - ensuring that SOME\n    content is shown immediately on page load. Without LQIP, a transparent gif will be used instead, which reduces\n    the number of requests needed to load the page, making it even faster.\n    - If set to 'lazyload', the browser will not load the full-size image at first, instead the lazysizes plugin will\n        load it progressively after page load. This improves the load speed of the page, but it should be disabled for\n        high-priority above-the-fold images.\n    - If set to 'disabled', will not attempt to lazyload the image and instead tell the browser to load it immediately.\n        Use this for high-priority images that are above the fold.\n\n`fallback_size`:\n    This is the size to use for this image in legacy browsers that do not support srcset.\n    Can be defined as a pixel bounding-box size (e.g. \"123x123) or inherent width (e.g. \"123w\").\n\n`class`:\n    The CSS classes to add to the image, e.g. \"card-image\". If lazyloading is enabled, all images will have the\n    \"lazyload\" class so that lazysizes will target them automatically.\n\n`otherAttributes`:\n    Any other HTML attributes you want on the img tag, for example \"height='100' width='100'\"\n\n`default_image`:\n    The default image to use if `image` is undefined or falsy. Should be a theme asset, usually defined as a relative\n    path in the theme config. If a default image is not provided, you'll get an image tag with no image if the primary\n    image is undefined.\n\n`lqip_size`:\n    If you want to specify a particular size for the LQIP image, you can do so with this argument. A default of 80\n    pixels wide will be used otherwise. This argument has no effect if the lazyload mode is not \"lazyload+lqip\".\n\n--}}\n<img {{#if image}}{{!-- Get the default image for legacy browsers that do not support srcset\n--}}src=\"{{getImageSrcset image 1x=(default fallback_size '160w')}}\" alt=\"{{image.alt}}\" title=\"{{image.alt}}\" {{!--\n  Allow lazysizes to generate the 'sizes' attribute automatically --}}data-sizes=\"auto\"\n  {{#unless lazyload '==' 'disabled'}}\n    {{#if lazyload '==' 'lazyload+lqip'}}\n    {{!-- If we want a LQIP, include it as the default srcset (will be overwritten by lazysizes) --}}\n    srcset=\"{{getImageSrcset image 1x=(default lqip_size '80w')}}\"\n    {{else}}\n      {{!-- If we don't want a LQIP, use a 1px transparent gif for the stand-in image\n            This requires no additional network request, so it's fast --}}\n    srcset=\"data:image/gif;base64,R0lGODlhAQABAIAAAP///wAAACH5BAEAAAAALAAAAAABAAEAAAICRAEAOw==\"\n    {{/if}}\n{{/unless}}\n{{!-- If lazyloading is disabled, just use \"srcset\". If it is not disabled, use \"data-srcset\" so lazysizes will use\n      this after page load --}}\n{{!--\nGenerate the srcset string using the default sizes defined in the helper. This will allow the browser to\npick the best-sized image based on its own understanding of how it will render the page.\n--}}\n{{#unless lazyload '==' 'disabled'}}data-{{/unless}}srcset=\"{{getImageSrcset image use_default_sizes=true }}\"\n{{else if default_image}}src=\"{{cdn default_image}}\" alt=\"{{lang 'products.card_default_image_alt'}}\"{{/if}}\nclass=\"{{#unless lazyload '==' 'disabled'}}lazyload{{/unless}}{{#if class}} {{class}}{{/if}}\"\n{{#if lazyload '==' 'lazyload'}}loading=\"lazy\"{{/if}}\n{{otherAttributes}} />\n","components/gordonbyte/common/featured-product-slider/product-single-scroll":"<section class=\"productSlider\"\n          data-slick='{\n              \"arrows\": true,\n              \"mobileFirst\": true,\n              \"autoplay\": false,\n              \"slidesToShow\": 1,\n              \"slidesToScroll\": 1,\n              \"dots\": false,\n              \"speed\":1300,\n              \"responsive\": [\n              {\n                \"breakpoint\": 1301,\n                \"settings\": {\n                  \"slidesToShow\": 4,\n                  \"slidesToScroll\": 4\n                }\n              },\n              {\n                \"breakpoint\": 992,\n                \"settings\": {\n                  \"slidesToShow\": 3,\n                  \"slidesToScroll\": 3\n                }\n              },\n              {\n                \"breakpoint\": 768,\n                \"settings\": {\n                  \"slidesToShow\": 2,\n                  \"slidesToScroll\": 2\n                }\n              },\n              {\n                \"breakpoint\": 600,\n                \"settings\": {\n                  \"slidesToShow\": 1,\n                  \"slidesToScroll\": 1\n                }\n              }\n              ],\n              \"lazyLoad\": \"anticipated\",\n              \"slide\": \".product-carouselinfo\",\n              \"prevArrow\": \".product-carousel-prev-arrow\",\n              \"nextArrow\": \".product-carousel-next-arrow\"\n          }'>\n\n          <button aria-label=\"{{lang 'carousel.arrowAriaLabel'}} {{carousel.slides.length}}\" class=\"product-carousel-prev-arrow slick-prev slick-arrow\">hero-prev-arrow</button>\n\n          {{#if theme_settings.gb-category-slider-product-type '==' 1}}\n            {{> components/gordonbyte/common/featured-product-slider/product-slider-featured products=products.top_sellers theme_settings=theme_settings}}\n          {{/if}}\n\n          {{#if theme_settings.gb-category-slider-product-type '==' 2}}\n            {{> components/gordonbyte/common/featured-product-slider/product-slider-featured products=products.featured theme_settings=theme_settings}}\n          {{/if}}\n\n          {{#if theme_settings.gb-category-slider-product-type '==' 3}}\n            {{> components/gordonbyte/common/featured-product-slider/product-slider-featured products=products.new theme_settings=theme_settings}}\n          {{/if}}\n\n          <button aria-label=\"{{lang 'carousel.arrowAriaLabel'}} {{carousel.slides.length}}\" class=\"product-carousel-next-arrow slick-next slick-arrow\">hero-next-arrow</button>\n      </section>\n","components/gordonbyte/common/featured-product-slider/product-slider-content":"<a href=\"{{url}}\" class=\"product-carouselinfo\">\n  <div class=\"product-carousel-img\">\n    {{> components/common/responsive-img\n        image=image\n        class=\"card-image\"\n        fallback_size=theme_settings.productgallery_size\n        lazyload=theme_settings.lazyload_mode\n        default_image=theme_settings.default_image_product\n    }}\n  </div>\n  <div class=\"product-carousel-price\">\n    <div class=\"info-title\">{{truncate name 29}}</div>\n    {{#or customer (if theme_settings.restrict_to_login '!==' true)}}\n        {{> components/products/price price=price}}\n    {{else}}\n        {{> components/common/login-for-pricing}}\n    {{/or}}\n  </div>\n</a>\n","components/gordonbyte/common/featured-product-slider/product-slider-featured":"{{#each (limit products theme_settings.gb-category-slider-product-max-count)}}\n  {{> components/gordonbyte/common/featured-product-slider/product-slider-content theme_settings=../theme_settings}}\n{{/each}}\n","components/products/price":"{{!-- There are 2 code paths for generating the PDP pricing HTML determined by the following #and condition.\nIf a 'price_range' exists then we generate all HTML in price-range.html, otherwise it is defined here. Both code\npaths generate the same HTML structure with some differences in whether that element is displayed by default (css styling).\n\nIf you are making a change here or in price-range.html, you probably want to make that change in both files. --}}\n\n{{#and price.price_range (if theme_settings.price_ranges '==' true)}}\n    {{> components/products/price-range price=price}}\n{{else}}\n    {{#if price.with_tax}}\n        <div class=\"price-section price-section--withTax rrp-price--withTax\" {{#unless price.rrp_with_tax}}style=\"display: none;\"{{/unless}}>\n            <span>\n                {{> components/products/price-label\n                    label_value=theme_settings.pdp-retail-price-label\n                    fallback=(lang \"page_builder.pdp-retail-price-label\")\n                }}\n            </span>\n            <span data-product-rrp-with-tax class=\"price price--rrp\">\n                {{price.rrp_with_tax.formatted}}\n            </span>\n        </div>\n        <div class=\"price-section price-section--withTax non-sale-price--withTax\" {{#unless price.non_sale_price_with_tax}}style=\"display: none;\"{{/unless}}>\n            <span>\n                {{> components/products/price-label\n                    label_value=theme_settings.pdp-non-sale-price-label\n                    fallback=(lang \"page_builder.pdp-non-sale-price-label\")\n                }}\n            </span>\n            <span data-product-non-sale-price-with-tax class=\"price price--non-sale\">\n                {{price.non_sale_price_with_tax.formatted}}\n            </span>\n        </div>\n        <div class=\"price-section price-section--withTax\">\n            <span class=\"price-label\" {{#if price.non_sale_price_with_tax}}style=\"display: none;\"{{/if}}>\n                {{theme_settings.pdp-price-label}}\n            </span>\n            <span class=\"price-now-label\" {{#unless price.non_sale_price_with_tax}}style=\"display: none;\"{{/unless}}>\n                {{> components/products/price-label\n                    label_value=theme_settings.pdp-sale-price-label\n                    fallback=(lang \"page_builder.pdp-sale-price-label\")\n                }}\n            </span>\n            <span data-product-price-with-tax class=\"price price--withTax\">{{price.with_tax.formatted}}</span>\n            {{#if price.without_tax}}\n                <abbr title=\"{{lang 'products.including_tax'}}\">{{lang 'products.price_with_tax' tax_label=price.tax_label}}</abbr>\n            {{/if}}\n        </div>\n    {{/if}}\n    {{#if price.without_tax}}\n        <div class=\"price-section price-section--withoutTax rrp-price--withoutTax{{#if price.with_tax}} price-section--minor{{/if}}\" {{#unless price.rrp_without_tax}}style=\"display: none;\"{{/unless}}>\n            <span>\n                {{> components/products/price-label\n                    label_value=theme_settings.pdp-retail-price-label\n                    fallback=(lang \"page_builder.pdp-retail-price-label\")\n                }}\n            </span>\n            <span data-product-rrp-price-without-tax class=\"price price--rrp\">\n                {{price.rrp_without_tax.formatted}}\n            </span>\n        </div>\n        <div class=\"price-section price-section--withoutTax non-sale-price--withoutTax{{#if price.with_tax}} price-section--minor{{/if}}\" {{#unless price.non_sale_price_without_tax}}style=\"display: none;\"{{/unless}}>\n            <span>\n                {{> components/products/price-label\n                    label_value=theme_settings.pdp-non-sale-price-label\n                    fallback=(lang \"page_builder.pdp-non-sale-price-label\")\n                }}\n            </span>\n            <span data-product-non-sale-price-without-tax class=\"price price--non-sale\">\n                {{price.non_sale_price_without_tax.formatted}}\n            </span>\n        </div>\n        <div class=\"price-section price-section--withoutTax\">\n            <span class=\"price-label\" {{#if price.non_sale_price_without_tax}}style=\"display: none;\"{{/if}}>\n                {{theme_settings.pdp-price-label}}\n            </span>\n            <span class=\"price-now-label\" {{#unless price.non_sale_price_without_tax}}style=\"display: none;\"{{/unless}}>\n                {{> components/products/price-label\n                    label_value=theme_settings.pdp-sale-price-label\n                    fallback=(lang \"page_builder.pdp-sale-price-label\")\n                }}\n            </span>\n            <span data-product-price-without-tax class=\"price price--withoutTax{{#if price.with_tax}} price-section--minor{{/if}}\">{{price.without_tax.formatted}}</span>\n            {{#if price.with_tax}}\n                <abbr title=\"{{lang 'products.excluding_tax'}}\">{{lang 'products.price_without_tax' tax_label=price.tax_label}}</abbr>\n            {{/if}}\n        </div>\n    {{/if}}\n    {{#if page_type '===' 'product'}}\n         <div class=\"price-section price-section--saving price\" {{#unless price.saved}}style=\"display: none;\"{{/unless}}>\n                <span class=\"price\">{{lang 'products.you_save_opening_text'}}</span>\n                <span data-product-price-saved class=\"price price--saving\">\n                    {{price.saved.formatted}}\n                </span>\n                <span class=\"price\">{{lang 'products.you_save_closing_bracket'}}</span>\n         </div>\n    {{/if}}\n{{/and}}\n","components/products/price-label":"{{#if label_value '===' ''}}\n    {{fallback}}\n{{else}}\n    {{label_value}}\n{{/if}}\n","components/products/price-range":"{{#and price.retail_price_range.min.with_tax price.retail_price_range.max.with_tax}}\n    <div class=\"price-section price-section--withTax rrp-price--withTax\">\n        <span>\n            {{> components/products/price-label\n                label_value=theme_settings.pdp-retail-price-label\n                fallback=(lang \"page_builder.pdp-retail-price-label\")\n            }}\n        </span>\n        <span data-product-rrp-price-with-tax class=\"price price--rrp\">{{price.retail_price_range.min.with_tax.formatted}} - {{price.retail_price_range.max.with_tax.formatted}}</span>\n    </div>\n{{else}}\n    {{#if price.with_tax}}\n        <div class=\"price-section price-section--withTax rrp-price--withTax\" style=\"display: none;\">\n            <span>\n                {{> components/products/price-label\n                    label_value=theme_settings.pdp-retail-price-label\n                    fallback=(lang \"page_builder.pdp-retail-price-label\")\n                }}\n            </span>\n            <span data-product-rrp-with-tax class=\"price price--rrp\">\n                {{price.rrp_with_tax.formatted}}\n            </span>\n        </div>\n    {{/if}}\n{{/and}}\n{{#and price.price_range.min.with_tax price.price_range.max.with_tax}}\n    {{!-- Never display the \"non-sales price\" if there is a price range to be shown, but we do want the element on the page --}}\n    <div class=\"price-section price-section--withTax non-sale-price--withTax\" style=\"display: none;\">\n        <span>\n            {{> components/products/price-label\n                label_value=theme_settings.pdp-non-sale-price-label\n                fallback=(lang \"page_builder.pdp-non-sale-price-label\")\n            }}\n        </span>\n        <span data-product-non-sale-price-with-tax class=\"price price--non-sale\">\n            {{price.non_sale_price_with_tax.formatted}}\n        </span>\n    </div>\n    <div class=\"price-section price-section--withTax\">\n        <span class=\"price-label\">{{theme_settings.pdp-price-label}}</span>\n        <span class=\"price-now-label\" style=\"display: none;\">\n            {{> components/products/price-label\n                label_value=theme_settings.pdp-sale-price-label\n                fallback=(lang \"page_builder.pdp-sale-price-label\")\n            }}\n        </span>\n        <span data-product-price-with-tax class=\"price price--withTax\">{{price.price_range.min.with_tax.formatted}} - {{price.price_range.max.with_tax.formatted}}</span>\n        {{#and price.price_range.min.without_tax price.price_range.max.without_tax}}\n            <abbr title=\"{{lang 'products.including_tax'}}\">{{lang 'products.price_with_tax' tax_label=price.price_range.min.tax_label}}</abbr>\n        {{/and}}\n    </div>\n{{/and}}\n{{#and price.retail_price_range.min.without_tax price.retail_price_range.max.without_tax}}\n    <div class=\"price-section price-section--withoutTax rrp-price--withoutTax{{#if price.with_tax}} price-section--minor{{/if}}\">\n        <span>\n            {{> components/products/price-label\n                label_value=theme_settings.pdp-retail-price-label\n                fallback=(lang \"page_builder.pdp-retail-price-label\")\n            }}\n        </span>\n        <span data-product-rrp-price-without-tax class=\"price price--rrp\">{{price.retail_price_range.min.without_tax.formatted}} - {{price.retail_price_range.max.without_tax.formatted}}</span>\n    </div>\n{{else}}\n    {{#if price.without_tax}}\n        <div class=\"price-section price-section--withoutTax rrp-price--withoutTax{{#if price.with_tax}} price-section--minor{{/if}}\" style=\"display: none;\">\n            <span>\n                {{> components/products/price-label\n                    label_value=theme_settings.pdp-retail-price-label\n                    fallback=(lang \"page_builder.pdp-retail-price-label\")\n                }}\n            </span>\n            <span data-product-rrp-price-without-tax class=\"price price--rrp\">\n                {{price.rrp_without_tax.formatted}}\n            </span>\n        </div>\n    {{/if}}\n{{/and}}\n{{#and price.price_range.min.without_tax price.price_range.max.without_tax}}\n    {{!-- Never display the \"non-sales price\" if there is a price range to be shown, but we do want the element on the page --}}\n    <div class=\"price-section price-section--withoutTax non-sale-price--withoutTax{{#if price.with_tax}} price-section--minor{{/if}}\" style=\"display: none;\">\n        <span>\n            {{> components/products/price-label\n                label_value=theme_settings.pdp-non-sale-price-label\n                fallback=(lang \"page_builder.pdp-non-sale-price-label\")\n            }}\n        </span>\n        <span data-product-non-sale-price-without-tax class=\"price price--non-sale\">\n            {{price.non_sale_price_without_tax.formatted}}\n        </span>\n    </div>\n    <div class=\"price-section price-section--withoutTax{{#and price_range.min.with_tax price_range.max.with_tax}} price-section--minor{{/and}}\">\n        <span class=\"price-label\">{{theme_settings.pdp-price-label}}</span>\n        <span class=\"price-now-label\" style=\"display: none;\">\n            {{> components/products/price-label\n                label_value=theme_settings.pdp-sale-price-label\n                fallback=(lang \"page_builder.pdp-sale-price-label\")\n            }}\n        </span>\n        <span data-product-price-without-tax class=\"price price--withoutTax\">{{price.price_range.min.without_tax.formatted}} - {{price.price_range.max.without_tax.formatted}}</span>\n        {{#and price.price_range.min.with_tax price.price_range.max.with_tax}}\n            <abbr title=\"{{lang 'products.excluding_tax'}}\">{{lang 'products.price_without_tax' tax_label=price.price_range.min.tax_label}}</abbr>\n        {{/and}}\n    </div>\n{{/and}}\n\n{{!-- Never display the \"saving price\" element by default if there is a price range on the page to be shown --}}\n{{#if page_type '===' 'product'}}\n     <div class=\"price-section price-section--saving price\" style=\"display: none;\">\n            <span class=\"price\">{{lang 'products.you_save_opening_text'}}</span>\n            <span data-product-price-saved class=\"price price--saving\">\n                {{price.saved.formatted}}\n            </span>\n            <span class=\"price\">{{lang 'products.you_save_closing_bracket'}}</span>\n     </div>\n{{/if}}\n"}
