{"components/gordonbyte/common/instagram/instagram":"{{#if theme_settings.gb-instagram-row-count '>' 0}}\n<div class=\"instaSection mainInsta\">\n    <div class=\"container\">\n      {{#if theme_settings.gb-instagram-heading }}\n      <h2 class=\"page-heading\">\n        <span>\n          {{#if theme_settings.gb-instagram-heading-icon }}\n          <svg><path d=\"M12,2.16c3.2,0,3.58,0,4.85.07,3.25.15,4.77,1.69,4.92,4.92.06,1.27.07,1.65.07,4.85s0,3.59-.07,4.85c-.15,3.23-1.66,4.77-4.92,4.92-1.27.06-1.64.07-4.85.07s-3.58,0-4.85-.07c-3.26-.15-4.77-1.7-4.92-4.92-.06-1.27-.07-1.64-.07-4.85s0-3.58.07-4.85C2.38,3.92,3.9,2.38,7.15,2.23,8.42,2.18,8.8,2.16,12,2.16ZM12,0C8.74,0,8.33,0,7.05.07c-4.35.2-6.78,2.62-7,7C0,8.33,0,8.74,0,12S0,15.67.07,17c.2,4.36,2.62,6.78,7,7C8.33,24,8.74,24,12,24s3.67,0,4.95-.07c4.35-.2,6.78-2.62,7-7C24,15.67,24,15.26,24,12s0-3.67-.07-4.95c-.2-4.35-2.62-6.78-7-7C15.67,0,15.26,0,12,0Zm0,5.84A6.16,6.16,0,1,0,18.16,12,6.16,6.16,0,0,0,12,5.84ZM12,16a4,4,0,1,1,4-4A4,4,0,0,1,12,16ZM18.41,4.15a1.44,1.44,0,1,0,1.43,1.44A1.44,1.44,0,0,0,18.41,4.15Z\" transform=\"translate(0)\"/></svg>\n          {{/if}}\n\n          {{ theme_settings.gb-instagram-heading }}\n        </span>\n      </h2>\n      {{/if}}\n    </div>\n\n    <div class=\"instaSlider\">\n      <div class=\"instaholder\">\n        <div id=\"instafeed\" class=\"instafeedLive\" data-instaCount=\"{{ theme_settings.gb-instagram-row-count }}\" data-accessToken=\"{{ theme_settings.gb-instagram-token }}{{ theme_settings.gb-instagram-token-two }}{{ theme_settings.gb-instagram-token-three }}{{ theme_settings.gb-instagram-token-four }}\"></div>\n      </div><!--.instaholder ends-->\n    </div><!--.instaSlider ends-->\n\n</div><!--.instaSection ends-->\n{{else}}\n\n  {{#if theme_settings.gb-theme-demo }}\n  <div class=\"instaSection demo\">\n    <div class=\"container\">\n\n      {{#if theme_settings.gb-instagram-heading }}\n      <h2 class=\"page-heading\">\n        <span>\n          {{#if theme_settings.gb-instagram-heading-icon }}\n          <svg><path d=\"M12,2.16c3.2,0,3.58,0,4.85.07,3.25.15,4.77,1.69,4.92,4.92.06,1.27.07,1.65.07,4.85s0,3.59-.07,4.85c-.15,3.23-1.66,4.77-4.92,4.92-1.27.06-1.64.07-4.85.07s-3.58,0-4.85-.07c-3.26-.15-4.77-1.7-4.92-4.92-.06-1.27-.07-1.64-.07-4.85s0-3.58.07-4.85C2.38,3.92,3.9,2.38,7.15,2.23,8.42,2.18,8.8,2.16,12,2.16ZM12,0C8.74,0,8.33,0,7.05.07c-4.35.2-6.78,2.62-7,7C0,8.33,0,8.74,0,12S0,15.67.07,17c.2,4.36,2.62,6.78,7,7C8.33,24,8.74,24,12,24s3.67,0,4.95-.07c4.35-.2,6.78-2.62,7-7C24,15.67,24,15.26,24,12s0-3.67-.07-4.95c-.2-4.35-2.62-6.78-7-7C15.67,0,15.26,0,12,0Zm0,5.84A6.16,6.16,0,1,0,18.16,12,6.16,6.16,0,0,0,12,5.84ZM12,16a4,4,0,1,1,4-4A4,4,0,0,1,12,16ZM18.41,4.15a1.44,1.44,0,1,0,1.43,1.44A1.44,1.44,0,0,0,18.41,4.15Z\" transform=\"translate(0)\"/></svg>\n          {{/if}}\n\n          {{ theme_settings.gb-instagram-heading }}\n        </span>\n      </h2>\n      {{/if}}\n\n    </div>\n    <div class=\"instaSlider\">\n      <div class=\"instaholder\">\n        <div id=\"instafeed\" data-slick='{\n          \"infinite\": true,\n          \"mobileFirst\": true,\n          \"dots\": false,\n          \"draggable\": true,\n          \"autoplay\": true,\n          \"autoplaySpeed\": 3000,\n          \"arrows\": false,\n          \"slidesToShow\": 2,\n          \"slidesToScroll\": 1,\n          \"responsive\": [{\n          \"breakpoint\": 1201,\n          \"settings\": {\n            \"slidesToShow\": 5,\n            \"slidesToScroll\": 1\n          }\n          },\n          {\n          \"breakpoint\": 992,\n            \"settings\": {\n              \"slidesToShow\": 4,\n              \"slidesToScroll\": 1\n            }\n          },\n          {\n          \"breakpoint\": 768,\n            \"settings\": {\n              \"slidesToShow\": 3,\n              \"slidesToScroll\": 3\n            }\n          }]\n      }'>\n\n          {{#for 1 6}}\n            <a href=\"https://www.instagram.com/\" target=\"_black\" class=\"instaLink\">\n              <div class=\"instatint\"></div>\n              {{> components/gordonbyte/demo/common/img path=../theme_settings.gb-theme-name file_name=(concat $index 'instagram.jpg') }}\n              <span>\n                <svg class=\"insta-icon\">\n                  <path d=\"M12,2.16c3.2,0,3.58,0,4.85.07,3.25.15,4.77,1.69,4.92,4.92.06,1.27.07,1.65.07,4.85s0,3.59-.07,4.85c-.15,3.23-1.66,4.77-4.92,4.92-1.27.06-1.64.07-4.85.07s-3.58,0-4.85-.07c-3.26-.15-4.77-1.7-4.92-4.92-.06-1.27-.07-1.64-.07-4.85s0-3.58.07-4.85C2.38,3.92,3.9,2.38,7.15,2.23,8.42,2.18,8.8,2.16,12,2.16ZM12,0C8.74,0,8.33,0,7.05.07c-4.35.2-6.78,2.62-7,7C0,8.33,0,8.74,0,12S0,15.67.07,17c.2,4.36,2.62,6.78,7,7C8.33,24,8.74,24,12,24s3.67,0,4.95-.07c4.35-.2,6.78-2.62,7-7C24,15.67,24,15.26,24,12s0-3.67-.07-4.95c-.2-4.35-2.62-6.78-7-7C15.67,0,15.26,0,12,0Zm0,5.84A6.16,6.16,0,1,0,18.16,12,6.16,6.16,0,0,0,12,5.84ZM12,16a4,4,0,1,1,4-4A4,4,0,0,1,12,16ZM18.41,4.15a1.44,1.44,0,1,0,1.43,1.44A1.44,1.44,0,0,0,18.41,4.15Z\" transform=\"translate(0)\"/>\n                </svg>\n              </span> \n            </a>\n          {{/for}}\n\n        </div>\n      </div><!--.instaholder ends-->\n    </div><!--.instaSlider ends-->\n\n  </div><!--.instaSection ends-->\n  {{/if}}\n\n{{/if}}","components/gordonbyte/demo/common/img":"\n<img class=\"demo\" src=\"{{cdn (get 'string' (concat (concat 'img/demo/' path) file_name)) }}\">\n\t\t\t"}
